date,home,away,home_score,away_score,neutral,tournament,city,country
2020-01-07,Barbados,Canada,1.0,4.0,True,Friendly,Irvine,United States
2020-01-09,Moldova,Sweden,0.0,1.0,True,Friendly,Doha,Qatar
2020-01-10,Barbados,Canada,1.0,4.0,True,Friendly,Irvine,United States
2020-01-12,Kosovo,Sweden,0.0,1.0,True,Friendly,Doha,Qatar
2020-01-15,Canada,Iceland,0.0,1.0,True,Friendly,Irvine,United States
2020-02-01,United States,Costa Rica,1.0,0.0,False,Friendly,Carson,United States
2020-09-03,Germany,Spain,1.0,1.0,False,UEFA Nations League,Stuttgart,Germany
2020-09-03,Ukraine,Switzerland,2.0,1.0,False,UEFA Nations League,Lviv,Ukraine
2020-09-03,Türkiye,Hungary,0.0,1.0,False,UEFA Nations League,Sivas,Turkey
2020-09-04,Italy,Bosnia and Herzegovina,1.0,1.0,False,UEFA Nations League,Florence,Italy
2020-09-04,Netherlands,Poland,1.0,0.0,False,UEFA Nations League,Amsterdam,Netherlands
2020-09-04,Norway,Austria,1.0,2.0,False,UEFA Nations League,Oslo,Norway
2020-09-04,Scotland,Israel,1.0,1.0,False,UEFA Nations League,Glasgow,Scotland
2020-09-04,Slovakia,Czechia,1.0,3.0,False,UEFA Nations League,Bratislava,Slovakia
2020-09-05,Iceland,England,0.0,1.0,False,UEFA Nations League,Reykjavík,Iceland
2020-09-05,Denmark,Belgium,0.0,2.0,False,UEFA Nations League,Copenhagen,Denmark
2020-09-05,Portugal,Croatia,4.0,1.0,False,UEFA Nations League,Porto,Portugal
2020-09-05,Sweden,France,0.0,1.0,False,UEFA Nations League,Stockholm,Sweden
2020-09-06,Spain,Ukraine,4.0,0.0,False,UEFA Nations League,Madrid,Spain
2020-09-06,Switzerland,Germany,1.0,1.0,False,UEFA Nations League,Basel,Switzerland
2020-09-06,Serbia,Türkiye,0.0,0.0,False,UEFA Nations League,Belgrade,Serbia
2020-09-07,Bosnia and Herzegovina,Poland,1.0,2.0,False,UEFA Nations League,Zenica,Bosnia and Herzegovina
2020-09-07,Netherlands,Italy,0.0,1.0,False,UEFA Nations League,Amsterdam,Netherlands
2020-09-07,Northern Ireland,Norway,1.0,5.0,False,UEFA Nations League,Belfast,Northern Ireland
2020-09-07,Austria,Romania,2.0,3.0,False,UEFA Nations League,Klagenfurt,Austria
2020-09-07,Czechia,Scotland,1.0,2.0,False,UEFA Nations League,Olomouc,Czech Republic
2020-09-08,Belgium,Iceland,5.0,1.0,False,UEFA Nations League,Brussels,Belgium
2020-09-08,Denmark,England,0.0,0.0,False,UEFA Nations League,Copenhagen,Denmark
2020-09-08,France,Croatia,4.0,2.0,False,UEFA Nations League,Paris,France
2020-09-08,Sweden,Portugal,0.0,2.0,False,UEFA Nations League,Stockholm,Sweden
2020-10-07,Andorra,Cabo Verde,1.0,2.0,False,Friendly,Andorra la Vella,Andorra
2020-10-07,Austria,Greece,2.0,1.0,False,Friendly,Klagenfurt,Austria
2020-10-07,Cyprus,Czechia,1.0,2.0,False,Friendly,Larnaca,Cyprus
2020-10-07,France,Ukraine,7.0,1.0,False,Friendly,Paris,France
2020-10-07,Germany,Türkiye,3.0,3.0,False,Friendly,Cologne,Germany
2020-10-07,Netherlands,Mexico,0.0,1.0,False,Friendly,Amsterdam,Netherlands
2020-10-07,Portugal,Spain,0.0,0.0,False,Friendly,Lisbon,Portugal
2020-10-07,Switzerland,Croatia,1.0,2.0,False,Friendly,St. Gallen,Switzerland
2020-10-08,Belgium,Côte d'Ivoire,1.0,1.0,False,Friendly,Brussels,Belgium
2020-10-08,England,Wales,3.0,0.0,False,Friendly,London,England
2020-10-08,Russia,Sweden,1.0,2.0,False,Friendly,Moscow,Russia
2020-10-08,South Africa,Namibia,1.0,1.0,False,Friendly,Rustenburg,South Africa
2020-10-08,Uzbekistan,Iran,1.0,2.0,False,Friendly,Tashkent,Uzbekistan
2020-10-08,Paraguay,Peru,2.0,2.0,False,FIFA World Cup qualification,Asunción,Paraguay
2020-10-08,Uruguay,Chile,2.0,1.0,False,FIFA World Cup qualification,Montevideo,Uruguay
2020-10-08,Argentina,Ecuador,1.0,0.0,False,FIFA World Cup qualification,Buenos Aires,Argentina
2020-10-08,Bosnia and Herzegovina,Northern Ireland,1.0,1.0,False,UEFA Euro qualification,Sarajevo,Bosnia and Herzegovina
2020-10-08,Scotland,Israel,0.0,0.0,False,UEFA Euro qualification,Glasgow,Scotland
2020-10-08,Norway,Serbia,1.0,2.0,False,UEFA Euro qualification,Oslo,Norway
2020-10-09,Burkina Faso,Congo DR,3.0,0.0,True,Friendly,Mohammedia,Morocco
2020-10-09,Japan,Cameroon,0.0,0.0,True,Friendly,Utrecht,Netherlands
2020-10-09,Mali,Ghana,3.0,0.0,True,Friendly,Antalya,Turkey
2020-10-09,Morocco,Senegal,3.0,1.0,False,Friendly,Rabat,Morocco
2020-10-09,Nigeria,Algeria,0.0,1.0,True,Friendly,Klagenfurt,Austria
2020-10-09,Tunisia,Sudan,3.0,0.0,False,Friendly,Radès,Tunisia
2020-10-09,Colombia,Venezuela,3.0,0.0,False,FIFA World Cup qualification,Barranquilla,Colombia
2020-10-09,Brazil,Bolivia,5.0,0.0,False,FIFA World Cup qualification,São Paulo,Brazil
2020-10-10,Spain,Switzerland,1.0,0.0,False,UEFA Nations League,Madrid,Spain
2020-10-10,Ukraine,Germany,1.0,2.0,False,UEFA Nations League,Kyiv,Ukraine
2020-10-10,Cabo Verde,Guinea,1.0,2.0,True,Friendly,Faro-Loulé,Portugal
2020-10-10,Costa Rica,Panama,0.0,1.0,False,Friendly,San José,Costa Rica
2020-10-11,Bosnia and Herzegovina,Netherlands,0.0,0.0,False,UEFA Nations League,Zenica,Bosnia and Herzegovina
2020-10-11,England,Belgium,2.0,1.0,False,UEFA Nations League,London,England
2020-10-11,Croatia,Sweden,2.0,1.0,False,UEFA Nations League,Zagreb,Croatia
2020-10-11,France,Portugal,0.0,0.0,False,UEFA Nations League,Paris,France
2020-10-11,Norway,Romania,4.0,0.0,False,UEFA Nations League,Oslo,Norway
2020-10-11,Northern Ireland,Austria,0.0,1.0,False,UEFA Nations League,Belfast,Northern Ireland
2020-10-11,Scotland,Slovakia,1.0,0.0,False,UEFA Nations League,Glasgow,Scotland
2020-10-11,Israel,Czechia,1.0,2.0,False,UEFA Nations League,Haifa,Israel
2020-10-11,Russia,Türkiye,1.0,1.0,False,UEFA Nations League,Moscow,Russia
2020-10-11,South Africa,Zambia,1.0,2.0,False,Friendly,Rustenburg,South Africa
2020-10-12,Ghana,Qatar,5.0,1.0,True,Friendly,Aksu,Turkey
2020-10-12,United Arab Emirates,Uzbekistan,1.0,2.0,False,Friendly,Dubai,United Arab Emirates
2020-10-13,Germany,Switzerland,3.0,3.0,False,UEFA Nations League,Cologne,Germany
2020-10-13,Ukraine,Spain,1.0,0.0,False,UEFA Nations League,Kyiv,Ukraine
2020-10-13,Costa Rica,Panama,0.0,1.0,False,Friendly,San José,Costa Rica
2020-10-13,Japan,Côte d'Ivoire,1.0,0.0,True,Friendly,Utrecht,Netherlands
2020-10-13,Mexico,Algeria,2.0,2.0,True,Friendly,The Hague,Netherlands
2020-10-13,Morocco,Congo DR,1.0,1.0,False,Friendly,Rabat,Morocco
2020-10-13,Nigeria,Tunisia,1.0,1.0,True,Friendly,Sankt Veit an der Glan,Austria
2020-10-13,Bolivia,Argentina,1.0,2.0,False,FIFA World Cup qualification,La Paz,Bolivia
2020-10-13,Ecuador,Uruguay,4.0,2.0,False,FIFA World Cup qualification,Quito,Ecuador
2020-10-13,Venezuela,Paraguay,0.0,1.0,False,FIFA World Cup qualification,Mérida,Venezuela
2020-10-13,Peru,Brazil,2.0,4.0,False,FIFA World Cup qualification,Lima,Peru
2020-10-13,Chile,Colombia,2.0,2.0,False,FIFA World Cup qualification,Santiago,Chile
2020-10-14,Italy,Netherlands,1.0,1.0,False,UEFA Nations League,Bergamo,Italy
2020-10-14,Poland,Bosnia and Herzegovina,3.0,0.0,False,UEFA Nations League,Wrocław,Poland
2020-10-14,Iceland,Belgium,1.0,2.0,False,UEFA Nations League,Reykjavík,Iceland
2020-10-14,England,Denmark,0.0,1.0,False,UEFA Nations League,London,England
2020-10-14,Portugal,Sweden,3.0,0.0,False,UEFA Nations League,Lisbon,Portugal
2020-10-14,Croatia,France,1.0,2.0,False,UEFA Nations League,Zagreb,Croatia
2020-10-14,Norway,Northern Ireland,1.0,0.0,False,UEFA Nations League,Oslo,Norway
2020-10-14,Romania,Austria,0.0,1.0,False,UEFA Nations League,Ploiești,Romania
2020-10-14,Scotland,Czechia,1.0,0.0,False,UEFA Nations League,Glasgow,Scotland
2020-10-14,Türkiye,Serbia,2.0,2.0,False,UEFA Nations League,Istanbul,Turkey
2020-11-11,Belgium,Switzerland,2.0,1.0,False,Friendly,Leuven,Belgium
2020-11-11,Denmark,Sweden,2.0,0.0,False,Friendly,Brondbyvester,Denmark
2020-11-11,France,Finland,0.0,2.0,False,Friendly,Paris,France
2020-11-11,Germany,Czechia,1.0,0.0,False,Friendly,Leipzig,Germany
2020-11-11,Luxembourg,Austria,0.0,3.0,False,Friendly,Luxembourg,Luxembourg
2020-11-11,Netherlands,Spain,1.0,1.0,False,Friendly,Amsterdam,Netherlands
2020-11-11,Portugal,Andorra,7.0,0.0,False,Friendly,Lisbon,Portugal
2020-11-11,Türkiye,Croatia,3.0,3.0,False,Friendly,Istanbul,Turkey
2020-11-11,Senegal,Guinea-Bissau,2.0,0.0,False,African Cup of Nations qualification,Thiès,Senegal
2020-11-12,Serbia,Scotland,1.0,1.0,False,UEFA Euro qualification,Belgrade,Serbia
2020-11-12,Bosnia and Herzegovina,Iran,0.0,2.0,False,Friendly,Sarajevo,Bosnia and Herzegovina
2020-11-12,England,Ireland,3.0,0.0,False,Friendly,London,England
2020-11-12,Jordan,Iraq,0.0,0.0,True,Friendly,Dubai,United Arab Emirates
2020-11-12,Uzbekistan,Syria,0.0,1.0,True,Friendly,Sharjah,United Arab Emirates
2020-11-12,Wales,United States,0.0,0.0,False,Friendly,Cardiff,Wales
2020-11-12,Bolivia,Ecuador,2.0,3.0,False,FIFA World Cup qualification,La Paz,Bolivia
2020-11-12,Argentina,Paraguay,1.0,1.0,False,FIFA World Cup qualification,Buenos Aires,Argentina
2020-11-12,Ghana,Sudan,2.0,0.0,False,African Cup of Nations qualification,Cape Coast,Ghana
2020-11-12,Cabo Verde,Rwanda,0.0,0.0,False,African Cup of Nations qualification,Praia,Cape Verde
2020-11-12,Algeria,Zimbabwe,3.0,1.0,False,African Cup of Nations qualification,Algiers,Algeria
2020-11-12,Côte d'Ivoire,Madagascar,2.0,1.0,False,African Cup of Nations qualification,Ebimpé,Ivory Coast
2020-11-13,Costa Rica,Qatar,1.0,1.0,True,Friendly,Maria Enzersdorf,Austria
2020-11-13,Japan,Panama,1.0,0.0,True,Friendly,Graz,Austria
2020-11-13,Colombia,Uruguay,0.0,3.0,False,FIFA World Cup qualification,Barranquilla,Colombia
2020-11-13,Brazil,Venezuela,1.0,0.0,False,FIFA World Cup qualification,São Paulo,Brazil
2020-11-13,South Africa,São Tomé and Príncipe,2.0,0.0,False,African Cup of Nations qualification,Durban,South Africa
2020-11-13,Morocco,Central African Republic,4.0,1.0,False,African Cup of Nations qualification,Casablanca,Morocco
2020-11-13,Tunisia,Tanzania,1.0,0.0,False,African Cup of Nations qualification,Radès,Tunisia
2020-11-14,Portugal,France,0.0,1.0,False,UEFA Nations League,Lisbon,Portugal
2020-11-14,Sweden,Croatia,2.0,1.0,False,UEFA Nations League,Stockholm,Sweden
2020-11-14,Germany,Ukraine,3.0,1.0,False,UEFA Nations League,Leipzig,Germany
2020-11-14,Switzerland,Spain,1.0,1.0,False,UEFA Nations League,Basel,Switzerland
2020-11-14,Mexico,Korea Republic,3.0,2.0,True,Friendly,Wiener Neustadt,Austria
2020-11-14,Saudi Arabia,Jamaica,3.0,0.0,False,Friendly,Riyadh,Saudi Arabia
2020-11-14,Congo DR,Angola,0.0,0.0,False,African Cup of Nations qualification,Kinshasa,DR Congo
2020-11-14,Egypt,Togo,1.0,0.0,False,African Cup of Nations qualification,Cairo,Egypt
2020-11-15,Netherlands,Bosnia and Herzegovina,3.0,1.0,False,UEFA Nations League,Amsterdam,Netherlands
2020-11-15,Belgium,England,2.0,0.0,False,UEFA Nations League,Leuven,Belgium
2020-11-15,Austria,Northern Ireland,2.0,1.0,False,UEFA Nations League,Vienna,Austria
2020-11-15,Romania,Norway,3.0,0.0,False,UEFA Nations League,Bucharest,Romania
2020-11-15,Slovakia,Scotland,1.0,0.0,False,UEFA Nations League,Trnava,Slovakia
2020-11-15,Czechia,Israel,1.0,0.0,False,UEFA Nations League,Plzeň,Czech Republic
2020-11-15,Türkiye,Russia,3.0,2.0,False,UEFA Nations League,Istanbul,Turkey
2020-11-15,Guinea-Bissau,Senegal,0.0,1.0,False,African Cup of Nations qualification,Bissau,Guinea-Bissau
2020-11-16,Jordan,Syria,1.0,0.0,True,Friendly,Sharjah,United Arab Emirates
2020-11-16,United States,Panama,6.0,2.0,True,Friendly,Wiener Neustadt,Austria
2020-11-16,South Africa,São Tomé and Príncipe,4.0,2.0,False,African Cup of Nations qualification,Port Elizabeth,South Africa
2020-11-16,Zimbabwe,Algeria,2.0,2.0,False,African Cup of Nations qualification,Harare,Zimbabwe
2020-11-17,Croatia,Portugal,2.0,3.0,False,UEFA Nations League,Split,Croatia
2020-11-17,France,Sweden,4.0,2.0,False,UEFA Nations League,Paris,France
2020-11-17,Spain,Germany,6.0,0.0,False,UEFA Nations League,Seville,Spain
2020-11-17,Switzerland,Ukraine,3.0,0.0,False,UEFA Nations League,Lucerne,Switzerland
2020-11-17,Japan,Mexico,0.0,2.0,True,Friendly,Graz,Austria
2020-11-17,Korea Republic,Qatar,2.0,1.0,True,Friendly,Maria Enzersdorf,Austria
2020-11-17,Saudi Arabia,Jamaica,1.0,2.0,False,Friendly,Riyadh,Saudi Arabia
2020-11-17,Uzbekistan,Iraq,1.0,2.0,True,Friendly,Dubai,United Arab Emirates
2020-11-17,Ecuador,Colombia,6.0,1.0,False,FIFA World Cup qualification,Quito,Ecuador
2020-11-17,Peru,Argentina,0.0,2.0,False,FIFA World Cup qualification,Lima,Peru
2020-11-17,Paraguay,Bolivia,2.0,2.0,False,FIFA World Cup qualification,Asunción,Paraguay
2020-11-17,Uruguay,Brazil,0.0,2.0,False,FIFA World Cup qualification,Montevideo,Uruguay
2020-11-17,Sudan,Ghana,1.0,0.0,False,African Cup of Nations qualification,Omdurman,Sudan
2020-11-17,Angola,Congo DR,0.0,1.0,False,African Cup of Nations qualification,Luanda,Angola
2020-11-17,Central African Republic,Morocco,0.0,2.0,True,African Cup of Nations qualification,Douala,Cameroon
2020-11-17,Rwanda,Cabo Verde,0.0,0.0,False,African Cup of Nations qualification,Kigali,Rwanda
2020-11-17,Togo,Egypt,1.0,3.0,False,African Cup of Nations qualification,Lomé,Togo
2020-11-17,Tanzania,Tunisia,1.0,1.0,False,African Cup of Nations qualification,Dar es Salaam,Tanzania
2020-11-17,Madagascar,Côte d'Ivoire,1.0,1.0,False,African Cup of Nations qualification,Toamasina,Madagascar
2020-11-18,Bosnia and Herzegovina,Italy,0.0,2.0,False,UEFA Nations League,Sarajevo,Bosnia and Herzegovina
2020-11-18,Poland,Netherlands,1.0,2.0,False,UEFA Nations League,Chorzów,Poland
2020-11-18,England,Iceland,4.0,0.0,False,UEFA Nations League,London,England
2020-11-18,Belgium,Denmark,4.0,2.0,False,UEFA Nations League,Leuven,Belgium
2020-11-18,Austria,Norway,1.0,1.0,False,UEFA Nations League,Vienna,Austria
2020-11-18,Czechia,Slovakia,2.0,0.0,False,UEFA Nations League,Plzeň,Czech Republic
2020-11-18,Israel,Scotland,1.0,0.0,False,UEFA Nations League,Netanya,Israel
2020-11-18,Hungary,Türkiye,2.0,0.0,False,UEFA Nations League,Budapest,Hungary
2020-12-04,Qatar,Bangladesh,5.0,0.0,False,FIFA World Cup qualification,Doha,Qatar
2020-12-09,United States,El Salvador,6.0,0.0,False,Friendly,Fort Lauderdale,United States
2021-01-12,United Arab Emirates,Iraq,0.0,0.0,False,Friendly,Dubai,United Arab Emirates
2021-01-27,Iraq,Kuwait,2.0,1.0,False,Friendly,Basra,Iraq
2021-01-28,Panama,Serbia,0.0,0.0,False,Friendly,Panama City,Panama
2021-01-31,United States,Trinidad and Tobago,7.0,0.0,False,Friendly,Orlando,United States
2021-02-01,Jordan,Tajikistan,2.0,0.0,True,Friendly,Dubai,United Arab Emirates
2021-02-05,Jordan,Tajikistan,0.0,1.0,True,Friendly,Dubai,United Arab Emirates
2021-02-15,Jordan,Uzbekistan,0.0,2.0,True,Friendly,Dubai,United Arab Emirates
2021-03-20,Oman,Jordan,0.0,0.0,True,Friendly,Dubai,United Arab Emirates
2021-03-24,Jordan,Lebanon,1.0,0.0,True,Friendly,Dubai,United Arab Emirates
2021-03-24,Qatar,Luxembourg,1.0,0.0,True,Friendly,Debrecen,Hungary
2021-03-24,Portugal,Azerbaijan,1.0,0.0,True,FIFA World Cup qualification,Turin,Italy
2021-03-24,France,Ukraine,1.0,1.0,False,FIFA World Cup qualification,Paris,France
2021-03-24,Finland,Bosnia and Herzegovina,2.0,2.0,False,FIFA World Cup qualification,Helsinki,Finland
2021-03-24,Belgium,Wales,3.0,1.0,False,FIFA World Cup qualification,Leuven,Belgium
2021-03-24,Estonia,Czechia,2.0,6.0,True,FIFA World Cup qualification,Lublin,Poland
2021-03-24,Türkiye,Netherlands,4.0,2.0,False,FIFA World Cup qualification,Istanbul,Turkey
2021-03-24,Gibraltar,Norway,0.0,3.0,False,FIFA World Cup qualification,Gibraltar,Gibraltar
2021-03-24,Slovenia,Croatia,1.0,0.0,False,FIFA World Cup qualification,Ljubljana,Slovenia
2021-03-25,Japan,Korea Republic,3.0,0.0,False,Friendly,Yokohama,Japan
2021-03-25,Saudi Arabia,Kuwait,1.0,0.0,False,Friendly,Riyadh,Saudi Arabia
2021-03-25,United States,Jamaica,4.0,1.0,True,Friendly,Wiener Neustadt,Austria
2021-03-25,Canada,Bermuda,5.0,1.0,True,FIFA World Cup qualification,Orlando,United States
2021-03-25,Curaçao,Saint Vincent and the Grenadines,5.0,0.0,False,FIFA World Cup qualification,Willemstad,Curaçao
2021-03-25,Panama,Barbados,1.0,0.0,True,FIFA World Cup qualification,Santo Domingo,Dominican Republic
2021-03-25,Haiti,Belize,2.0,0.0,False,FIFA World Cup qualification,Port-au-Prince,Haiti
2021-03-25,Spain,Greece,1.0,1.0,False,FIFA World Cup qualification,Granada,Spain
2021-03-25,Sweden,Georgia,1.0,0.0,False,FIFA World Cup qualification,Stockholm,Sweden
2021-03-25,Bulgaria,Switzerland,1.0,3.0,False,FIFA World Cup qualification,Sofia,Bulgaria
2021-03-25,Scotland,Austria,2.0,2.0,False,FIFA World Cup qualification,Glasgow,Scotland
2021-03-25,England,San Marino,5.0,0.0,False,FIFA World Cup qualification,London,England
2021-03-25,Germany,Iceland,3.0,0.0,False,FIFA World Cup qualification,Duisburg,Germany
2021-03-25,South Africa,Ghana,1.0,1.0,False,African Cup of Nations qualification,Johannesburg,South Africa
2021-03-25,Gabon,Congo DR,3.0,0.0,False,African Cup of Nations qualification,Franceville,Gabon
2021-03-25,Kenya,Egypt,1.0,1.0,False,African Cup of Nations qualification,Nairobi,Kenya
2021-03-25,Zambia,Algeria,3.0,3.0,False,African Cup of Nations qualification,Lusaka,Zambia
2021-03-25,Libya,Tunisia,2.0,5.0,False,African Cup of Nations qualification,Benina,Libya
2021-03-26,Mauritania,Morocco,0.0,0.0,False,African Cup of Nations qualification,Nouakchott,Mauritania
2021-03-26,Cabo Verde,Cameroon,3.0,1.0,False,African Cup of Nations qualification,Praia,Cape Verde
2021-03-26,Congo,Senegal,0.0,0.0,False,African Cup of Nations qualification,Brazzaville,Congo
2021-03-26,Niger,Côte d'Ivoire,0.0,3.0,True,African Cup of Nations qualification,Lomé,Togo
2021-03-27,Bosnia and Herzegovina,Costa Rica,0.0,0.0,False,Friendly,Zenica,Bosnia and Herzegovina
2021-03-27,Qatar,Azerbaijan,2.0,1.0,True,Friendly,Debrecen,Hungary
2021-03-27,Wales,Mexico,1.0,0.0,False,Friendly,Cardiff,Wales
2021-03-27,Serbia,Portugal,2.0,2.0,False,FIFA World Cup qualification,Belgrade,Serbia
2021-03-27,Czechia,Belgium,1.0,1.0,False,FIFA World Cup qualification,Prague,Czech Republic
2021-03-27,Netherlands,Latvia,2.0,0.0,False,FIFA World Cup qualification,Amsterdam,Netherlands
2021-03-27,Norway,Türkiye,0.0,3.0,True,FIFA World Cup qualification,Málaga,Spain
2021-03-27,Croatia,Cyprus,1.0,0.0,False,FIFA World Cup qualification,Rijeka,Croatia
2021-03-28,Northern Ireland,United States,1.0,2.0,False,Friendly,Belfast,Northern Ireland
2021-03-28,Cuba,Curaçao,1.0,2.0,True,FIFA World Cup qualification,Guatemala City,Guatemala
2021-03-28,Dominica,Panama,1.0,2.0,True,FIFA World Cup qualification,Santo Domingo,Dominican Republic
2021-03-28,Georgia,Spain,1.0,2.0,False,FIFA World Cup qualification,Tbilisi,Georgia
2021-03-28,Kosovo,Sweden,0.0,3.0,False,FIFA World Cup qualification,Pristina,Kosovo
2021-03-28,Switzerland,Lithuania,1.0,0.0,False,FIFA World Cup qualification,St. Gallen,Switzerland
2021-03-28,Kazakhstan,France,0.0,2.0,False,FIFA World Cup qualification,Nur-Sultan,Kazakhstan
2021-03-28,Austria,Faroe Islands,3.0,1.0,False,FIFA World Cup qualification,Vienna,Austria
2021-03-28,Israel,Scotland,1.0,1.0,False,FIFA World Cup qualification,Tel Aviv,Israel
2021-03-28,Albania,England,0.0,2.0,False,FIFA World Cup qualification,Tirana,Albania
2021-03-28,Romania,Germany,0.0,1.0,False,FIFA World Cup qualification,Bucharest,Romania
2021-03-28,Ghana,São Tomé and Príncipe,3.0,1.0,False,African Cup of Nations qualification,Cape Coast,Ghana
2021-03-28,Sudan,South Africa,2.0,0.0,False,African Cup of Nations qualification,Omdurman,Sudan
2021-03-28,Tunisia,Equatorial Guinea,2.0,1.0,False,African Cup of Nations qualification,Radès,Tunisia
2021-03-29,Ecuador,Bolivia,2.0,1.0,False,Friendly,Guayaquil,Ecuador
2021-03-29,Uzbekistan,Iraq,0.0,1.0,False,Friendly,Tashkent,Uzbekistan
2021-03-29,Cayman Islands,Canada,0.0,11.0,True,FIFA World Cup qualification,Bradenton,United States
2021-03-29,Congo DR,Gambia,1.0,0.0,False,African Cup of Nations qualification,Kinshasa,DR Congo
2021-03-29,Egypt,Comoros,4.0,0.0,False,African Cup of Nations qualification,Cairo,Egypt
2021-03-29,Algeria,Botswana,5.0,0.0,False,African Cup of Nations qualification,Algiers,Algeria
2021-03-30,Bahrain,Jordan,1.0,2.0,False,Friendly,Riffa,Bahrain
2021-03-30,Costa Rica,Mexico,0.0,1.0,True,Friendly,Wiener Neustadt,Austria
2021-03-30,Iran,Syria,3.0,0.0,False,Friendly,Tehran,Iran
2021-03-30,Ireland,Qatar,1.0,1.0,True,Friendly,Debrecen,Hungary
2021-03-30,Luxembourg,Portugal,1.0,3.0,False,FIFA World Cup qualification,Luxembourg,Luxembourg
2021-03-30,Wales,Czechia,1.0,0.0,False,FIFA World Cup qualification,Cardiff,Wales
2021-03-30,Belgium,Belarus,8.0,0.0,False,FIFA World Cup qualification,Leuven,Belgium
2021-03-30,Gibraltar,Netherlands,0.0,7.0,False,FIFA World Cup qualification,Gibraltar,Gibraltar
2021-03-30,Montenegro,Norway,0.0,1.0,False,FIFA World Cup qualification,Podgorica,Montenegro
2021-03-30,Türkiye,Latvia,3.0,3.0,False,FIFA World Cup qualification,Istanbul,Turkey
2021-03-30,Croatia,Malta,3.0,0.0,False,FIFA World Cup qualification,Rijeka,Croatia
2021-03-30,Saudi Arabia,Palestine,5.0,0.0,False,FIFA World Cup qualification,Riyadh,Saudi Arabia
2021-03-30,Japan,Mongolia,14.0,0.0,False,FIFA World Cup qualification,Chiba,Japan
2021-03-30,Morocco,Burundi,1.0,0.0,False,African Cup of Nations qualification,Rabat,Morocco
2021-03-30,Mozambique,Cabo Verde,0.0,1.0,False,African Cup of Nations qualification,Maputo,Mozambique
2021-03-30,Senegal,Eswatini,1.0,1.0,False,African Cup of Nations qualification,Thiès,Senegal
2021-03-30,Côte d'Ivoire,Ethiopia,3.0,1.0,False,African Cup of Nations qualification,Abidjan,Ivory Coast
2021-03-31,Sweden,Estonia,1.0,0.0,False,Friendly,Stockholm,Sweden
2021-03-31,Switzerland,Finland,3.0,2.0,False,Friendly,St. Gallen,Switzerland
2021-03-31,Spain,Kosovo,3.0,1.0,False,FIFA World Cup qualification,Seville,Spain
2021-03-31,Bosnia and Herzegovina,France,0.0,1.0,False,FIFA World Cup qualification,Sarajevo,Bosnia and Herzegovina
2021-03-31,Scotland,Faroe Islands,4.0,0.0,False,FIFA World Cup qualification,Glasgow,Scotland
2021-03-31,Austria,Denmark,0.0,4.0,False,FIFA World Cup qualification,Vienna,Austria
2021-03-31,England,Poland,2.0,1.0,False,FIFA World Cup qualification,London,England
2021-03-31,Germany,North Macedonia,1.0,2.0,False,FIFA World Cup qualification,Duisburg,Germany
2021-05-24,Iraq,Tajikistan,0.0,0.0,False,Friendly,Basra,Iraq
2021-05-24,United Arab Emirates,Jordan,5.0,1.0,False,Friendly,Dubai,United Arab Emirates
2021-05-27,Türkiye,Azerbaijan,2.0,1.0,False,Friendly,Alanya,Turkey
2021-05-28,Japan,Myanmar,10.0,0.0,False,FIFA World Cup qualification,Chiba,Japan
2021-05-29,Iraq,Nepal,6.0,2.0,False,Friendly,Basra,Iraq
2021-05-29,Mexico,Iceland,2.0,1.0,True,Friendly,Arlington,United States
2021-05-29,Sweden,Finland,2.0,0.0,False,Friendly,Stockholm,Sweden
2021-05-30,Switzerland,United States,2.0,1.0,False,Friendly,St. Gallen,Switzerland
2021-05-31,Jordan,Vietnam,1.0,1.0,True,Friendly,Sharjah,United Arab Emirates
2021-05-31,Türkiye,Guinea,0.0,0.0,False,Friendly,Antalya,Turkey
2021-06-01,Croatia,Armenia,1.0,1.0,False,Friendly,Velika Gorica,Croatia
2021-06-02,Bosnia and Herzegovina,Montenegro,0.0,0.0,False,Friendly,Sarajevo,Bosnia and Herzegovina
2021-06-02,England,Austria,1.0,0.0,False,Friendly,London,England
2021-06-02,France,Wales,3.0,0.0,False,Friendly,Nice,France
2021-06-02,Germany,Denmark,1.0,1.0,True,Friendly,Innsbruck,Austria
2021-06-02,Netherlands,Scotland,2.0,2.0,True,Friendly,São João da Venda,Portugal
2021-06-02,Norway,Luxembourg,1.0,0.0,True,Friendly,Málaga,Spain
2021-06-03,Algeria,Mauritania,4.0,1.0,False,Friendly,Blida,Algeria
2021-06-03,Belgium,Greece,1.0,1.0,False,Friendly,Brussels,Belgium
2021-06-03,Switzerland,Liechtenstein,7.0,0.0,False,Friendly,St. Gallen,Switzerland
2021-06-03,Türkiye,Moldova,2.0,0.0,True,Friendly,Paderborn,Germany
2021-06-03,Mexico,Costa Rica,0.0,0.0,True,CONCACAF Nations League,Denver,United States
2021-06-03,United States,Honduras,1.0,0.0,False,CONCACAF Nations League,Denver,United States
2021-06-03,Iran,Hong Kong,3.0,1.0,False,FIFA World Cup qualification,Arad,Iran
2021-06-03,Uruguay,Paraguay,0.0,0.0,False,FIFA World Cup qualification,Montevideo,Uruguay
2021-06-03,Argentina,Chile,1.0,1.0,False,FIFA World Cup qualification,Santiago del Estero,Argentina
2021-06-03,Peru,Colombia,0.0,3.0,False,FIFA World Cup qualification,Lima,Peru
2021-06-03,Kuwait,Australia,0.0,3.0,False,FIFA World Cup qualification,Kuwait City,Kuwait
2021-06-03,Qatar,India,1.0,0.0,False,FIFA World Cup qualification,Doha,Qatar
2021-06-04,Italy,Czechia,4.0,0.0,False,Friendly,Bologna,Italy
2021-06-04,Spain,Portugal,0.0,0.0,False,Friendly,Madrid,Spain
2021-06-04,Brazil,Ecuador,2.0,0.0,False,FIFA World Cup qualification,Porto Alegre,Brazil
2021-06-05,Côte d'Ivoire,Burkina Faso,2.0,1.0,False,Friendly,Abidjan,Ivory Coast
2021-06-05,Senegal,Zambia,3.0,1.0,False,Friendly,Thiès,Senegal
2021-06-05,Sweden,Armenia,3.0,1.0,False,Friendly,Stockholm,Sweden
2021-06-05,Tunisia,Congo DR,1.0,0.0,False,Friendly,Radès,Tunisia
2021-06-05,Saudi Arabia,Yemen,3.0,0.0,False,FIFA World Cup qualification,Riyadh,Saudi Arabia
2021-06-05,Korea Republic,Turkmenistan,5.0,0.0,False,FIFA World Cup qualification,Goyang,South Korea
2021-06-05,Aruba,Canada,0.0,7.0,True,FIFA World Cup qualification,Bradenton,United States
2021-06-05,British Virgin Islands,Curaçao,0.0,8.0,True,FIFA World Cup qualification,Guatemala City,Guatemala
2021-06-05,Panama,Anguilla,13.0,0.0,False,FIFA World Cup qualification,Panama City,Panama
2021-06-05,Turks and Caicos Islands,Haiti,0.0,10.0,False,FIFA World Cup qualification,Providenciales,Turks and Caicos Islands
2021-06-06,Algeria,Mali,1.0,0.0,False,Friendly,Blida,Algeria
2021-06-06,Austria,Slovakia,0.0,0.0,False,Friendly,Vienna,Austria
2021-06-06,Belgium,Croatia,1.0,0.0,False,Friendly,Brussels,Belgium
2021-06-06,Denmark,Bosnia and Herzegovina,2.0,0.0,False,Friendly,Brondbyvester,Denmark
2021-06-06,England,Romania,1.0,0.0,False,Friendly,London,England
2021-06-06,Luxembourg,Scotland,0.0,1.0,False,Friendly,Luxembourg,Luxembourg
2021-06-06,Netherlands,Georgia,3.0,0.0,False,Friendly,Enschede,Netherlands
2021-06-06,Norway,Greece,1.0,2.0,True,Friendly,Málaga,Spain
2021-06-06,United States,Mexico,3.0,2.0,False,CONCACAF Nations League,Denver,United States
2021-06-07,Germany,Latvia,7.0,1.0,False,Friendly,Düsseldorf,Germany
2021-06-07,Nepal,Jordan,0.0,3.0,True,FIFA World Cup qualification,Kuwait City,Kuwait
2021-06-07,Australia,Taiwan,5.0,1.0,True,FIFA World Cup qualification,Kuwait City,Kuwait
2021-06-07,Iraq,Cambodia,4.0,1.0,True,FIFA World Cup qualification,Arad,Iran
2021-06-07,Uzbekistan,Singapore,5.0,0.0,True,FIFA World Cup qualification,Riyadh,Saudi Arabia
2021-06-07,Japan,Tajikistan,4.0,1.0,False,FIFA World Cup qualification,Suita,Japan
2021-06-07,Bahrain,Iran,0.0,3.0,False,FIFA World Cup qualification,Riffa,Bahrain
2021-06-07,Qatar,Oman,1.0,0.0,False,FIFA World Cup qualification,Doha,Qatar
2021-06-08,Czechia,Albania,3.0,1.0,False,Friendly,Prague,Czech Republic
2021-06-08,France,Bulgaria,3.0,0.0,False,Friendly,Paris,France
2021-06-08,Morocco,Ghana,1.0,0.0,False,Friendly,Rabat,Morocco
2021-06-08,Senegal,Cabo Verde,2.0,0.0,False,Friendly,Thiès,Senegal
2021-06-08,Spain,Lithuania,4.0,0.0,False,Friendly,Leganés,Spain
2021-06-08,Canada,Suriname,4.0,0.0,True,FIFA World Cup qualification,Bridgeview,United States
2021-06-08,Curaçao,Guatemala,0.0,0.0,False,FIFA World Cup qualification,Willemstad,Curaçao
2021-06-08,Panama,Dominican Republic,3.0,0.0,False,FIFA World Cup qualification,Panama City,Panama
2021-06-08,Haiti,Nicaragua,1.0,0.0,False,FIFA World Cup qualification,Port-au-Prince,Haiti
2021-06-08,Ecuador,Peru,1.0,2.0,False,FIFA World Cup qualification,Quito,Ecuador
2021-06-08,Colombia,Argentina,2.0,2.0,False,FIFA World Cup qualification,Barranquilla,Colombia
2021-06-08,Venezuela,Uruguay,0.0,0.0,False,FIFA World Cup qualification,Caracas,Venezuela
2021-06-08,Paraguay,Brazil,0.0,2.0,False,FIFA World Cup qualification,Asunción,Paraguay
2021-06-09,Portugal,Israel,4.0,0.0,False,Friendly,Lisbon,Portugal
2021-06-09,United States,Costa Rica,4.0,0.0,False,Friendly,Sandy,United States
2021-06-09,Korea Republic,Sri Lanka,5.0,0.0,False,FIFA World Cup qualification,Goyang,South Korea
2021-06-10,South Africa,Uganda,3.0,2.0,False,Friendly,Johannesburg,South Africa
2021-06-11,Nepal,Australia,0.0,3.0,True,FIFA World Cup qualification,Kuwait City,Kuwait
2021-06-11,Kuwait,Jordan,0.0,0.0,False,FIFA World Cup qualification,Kuwait City,Kuwait
2021-06-11,Cambodia,Iran,0.0,10.0,True,FIFA World Cup qualification,Isa Town,Bahrain
2021-06-11,Hong Kong,Iraq,0.0,1.0,True,FIFA World Cup qualification,Arad,Iran
2021-06-11,Yemen,Uzbekistan,0.0,1.0,True,FIFA World Cup qualification,Riyadh,Saudi Arabia
2021-06-11,Japan,Serbia,1.0,0.0,False,Kirin Challenge Cup,Kobe,Japan
2021-06-11,Congo DR,Mali,1.0,1.0,True,Friendly,Radès,Tunisia
2021-06-11,Tunisia,Algeria,0.0,2.0,False,Friendly,Radès,Tunisia
2021-06-11,Italy,Türkiye,3.0,0.0,False,UEFA Euro,Rome,Italy
2021-06-11,Saudi Arabia,Singapore,3.0,0.0,False,FIFA World Cup qualification,Riyadh,Saudi Arabia
2021-06-12,Haiti,Canada,0.0,1.0,False,FIFA World Cup qualification,Port-au-Prince,Haiti
2021-06-12,Panama,Curaçao,2.0,1.0,False,FIFA World Cup qualification,Panama City,Panama
2021-06-12,Ghana,Côte d'Ivoire,0.0,0.0,False,Friendly,Cape Coast,Ghana
2021-06-12,Mexico,Honduras,0.0,0.0,True,Friendly,Atlanta,United States
2021-06-12,Morocco,Burkina Faso,1.0,0.0,False,Friendly,Rabat,Morocco
2021-06-12,Wales,Switzerland,1.0,1.0,False,UEFA Euro,Cardiff,Wales
2021-06-12,Russia,Belgium,0.0,3.0,False,UEFA Euro,Saint Petersburg,Russia
2021-06-13,Korea Republic,Lebanon,2.0,1.0,False,FIFA World Cup qualification,Goyang,South Korea
2021-06-13,Austria,North Macedonia,3.0,1.0,True,UEFA Euro,Bucharest,Romania
2021-06-13,Netherlands,Ukraine,3.0,2.0,False,UEFA Euro,Amsterdam,Netherlands
2021-06-13,England,Croatia,1.0,0.0,False,UEFA Euro,London,England
2021-06-13,Brazil,Venezuela,3.0,0.0,False,Copa América,Brasília,Brazil
2021-06-13,Colombia,Ecuador,1.0,0.0,True,Copa América,Cuiabá,Brazil
2021-06-14,Scotland,Czechia,0.0,2.0,False,UEFA Euro,Glasgow,Scotland
2021-06-14,Spain,Sweden,0.0,0.0,False,UEFA Euro,Seville,Spain
2021-06-14,Argentina,Chile,1.0,1.0,True,Copa América,Rio de Janeiro,Brazil
2021-06-14,Paraguay,Bolivia,3.0,1.0,True,Copa América,Goiânia,Brazil
2021-06-15,Australia,Jordan,1.0,0.0,True,FIFA World Cup qualification,Kuwait City,Kuwait
2021-06-15,Iran,Iraq,1.0,0.0,False,FIFA World Cup qualification,Arad,Iran
2021-06-15,Saudi Arabia,Uzbekistan,3.0,0.0,False,FIFA World Cup qualification,Riyadh,Saudi Arabia
2021-06-15,Japan,Kyrgyzstan,5.0,1.0,False,FIFA World Cup qualification,Suita,Japan
2021-06-15,Canada,Haiti,3.0,0.0,True,FIFA World Cup qualification,Bridgeview,United States
2021-06-15,Curaçao,Panama,0.0,0.0,False,FIFA World Cup qualification,Willemstad,Curaçao
2021-06-15,Tunisia,Mali,1.0,0.0,False,Friendly,Radès,Tunisia
2021-06-15,Hungary,Portugal,0.0,3.0,False,UEFA Euro,Budapest,Hungary
2021-06-15,Germany,France,0.0,1.0,False,UEFA Euro,Munich,Germany
2021-06-16,Türkiye,Wales,0.0,2.0,True,UEFA Euro,Baku,Azerbaijan
2021-06-16,Italy,Switzerland,3.0,0.0,False,UEFA Euro,Rome,Italy
2021-06-17,Denmark,Belgium,1.0,2.0,False,UEFA Euro,Copenhagen,Denmark
2021-06-17,Netherlands,Austria,2.0,0.0,False,UEFA Euro,Amsterdam,Netherlands
2021-06-17,Colombia,Venezuela,0.0,0.0,True,Copa América,Goiânia,Brazil
2021-06-17,Brazil,Peru,4.0,0.0,False,Copa América,Rio de Janeiro,Brazil
2021-06-17,Algeria,Liberia,5.0,1.0,False,Friendly,Oran,Algeria
2021-06-18,Croatia,Czechia,1.0,1.0,True,UEFA Euro,Glasgow,Scotland
2021-06-18,England,Scotland,0.0,0.0,False,UEFA Euro,London,England
2021-06-18,Sweden,Slovakia,1.0,0.0,True,UEFA Euro,Saint Petersburg,Russia
2021-06-18,Argentina,Uruguay,1.0,0.0,True,Copa América,Brasília,Brazil
2021-06-19,Spain,Poland,1.0,1.0,False,UEFA Euro,Seville,Spain
2021-06-19,Hungary,France,1.0,1.0,False,UEFA Euro,Budapest,Hungary
2021-06-19,Germany,Portugal,4.0,2.0,False,UEFA Euro,Munich,Germany
2021-06-20,Switzerland,Türkiye,3.0,1.0,True,UEFA Euro,Baku,Azerbaijan
2021-06-20,Venezuela,Ecuador,2.0,2.0,True,Copa América,Rio de Janeiro,Brazil
2021-06-20,Colombia,Peru,1.0,2.0,True,Copa América,Goiânia,Brazil
2021-06-21,Finland,Belgium,0.0,2.0,True,UEFA Euro,Saint Petersburg,Russia
2021-06-21,Netherlands,North Macedonia,3.0,0.0,False,UEFA Euro,Amsterdam,Netherlands
2021-06-21,Ukraine,Austria,0.0,1.0,True,UEFA Euro,Bucharest,Romania
2021-06-21,Uruguay,Chile,1.0,1.0,True,Copa América,Cuiabá,Brazil
2021-06-21,Argentina,Paraguay,1.0,0.0,True,Copa América,Brasília,Brazil
2021-06-22,Scotland,Croatia,1.0,3.0,False,UEFA Euro,Glasgow,Scotland
2021-06-22,England,Czechia,1.0,0.0,False,UEFA Euro,London,England
2021-06-23,Spain,Slovakia,5.0,0.0,False,UEFA Euro,Seville,Spain
2021-06-23,Sweden,Poland,3.0,2.0,True,UEFA Euro,Saint Petersburg,Russia
2021-06-23,Germany,Hungary,2.0,2.0,False,UEFA Euro,Munich,Germany
2021-06-23,Portugal,France,2.0,2.0,True,UEFA Euro,Budapest,Hungary
2021-06-23,Ecuador,Peru,2.0,2.0,True,Copa América,Goiânia,Brazil
2021-06-23,Brazil,Colombia,2.0,1.0,False,Copa América,Rio de Janeiro,Brazil
2021-06-24,Bolivia,Uruguay,0.0,2.0,True,Copa América,Cuiabá,Brazil
2021-06-24,Chile,Paraguay,0.0,2.0,True,Copa América,Brasília,Brazil
2021-06-26,Italy,Austria,2.0,1.0,True,UEFA Euro,London,England
2021-06-27,Netherlands,Czechia,0.0,2.0,True,UEFA Euro,Budapest,Hungary
2021-06-27,Belgium,Portugal,1.0,0.0,True,UEFA Euro,Seville,Spain
2021-06-27,Brazil,Ecuador,1.0,1.0,False,Copa América,Goiânia,Brazil
2021-06-28,Croatia,Spain,3.0,5.0,True,UEFA Euro,Copenhagen,Denmark
2021-06-28,France,Switzerland,3.0,3.0,True,UEFA Euro,Bucharest,Romania
2021-06-28,Argentina,Bolivia,4.0,1.0,True,Copa América,Cuiabá,Brazil
2021-06-28,Uruguay,Paraguay,1.0,0.0,True,Copa América,Rio de Janeiro,Brazil
2021-06-29,England,Germany,2.0,0.0,False,UEFA Euro,London,England
2021-06-29,Sweden,Ukraine,1.0,2.0,True,UEFA Euro,Glasgow,Scotland
2021-06-30,Mexico,Panama,3.0,0.0,True,Friendly,Nashville,United States
2021-07-02,Switzerland,Spain,1.0,1.0,True,UEFA Euro,Saint Petersburg,Russia
2021-07-02,Belgium,Italy,1.0,2.0,True,UEFA Euro,Munich,Germany
2021-07-02,Peru,Paraguay,3.0,3.0,True,Copa América,Goiânia,Brazil
2021-07-02,Brazil,Chile,1.0,0.0,False,Copa América,Rio de Janeiro,Brazil
2021-07-02,Haiti,Saint Vincent and the Grenadines,6.0,1.0,True,Gold Cup qualification,Fort Lauderdale,United States
2021-07-03,Czechia,Denmark,1.0,2.0,True,UEFA Euro,Baku,Azerbaijan
2021-07-03,Ukraine,England,0.0,4.0,True,UEFA Euro,Rome,Italy
2021-07-03,Mexico,Nigeria,4.0,0.0,True,Friendly,Nashville,United States
2021-07-03,Uruguay,Colombia,0.0,0.0,True,Copa América,Brasília,Brazil
2021-07-03,Argentina,Ecuador,3.0,0.0,True,Copa América,Goiânia,Brazil
2021-07-04,Qatar,El Salvador,1.0,0.0,True,Friendly,Pula,Croatia
2021-07-05,Brazil,Peru,1.0,0.0,False,Copa América,Rio de Janeiro,Brazil
2021-07-06,Argentina,Colombia,1.0,1.0,True,Copa América,Brasília,Brazil
2021-07-06,Italy,Spain,1.0,1.0,True,UEFA Euro,London,England
2021-07-06,Haiti,Bermuda,4.0,1.0,True,Gold Cup qualification,Fort Lauderdale,United States
2021-07-06,South Africa,Botswana,1.0,0.0,False,COSAFA Cup,Port Elizabeth,South Africa
2021-07-07,England,Denmark,2.0,1.0,False,UEFA Euro,London,England
2021-07-07,Senegal,Namibia,1.0,2.0,True,COSAFA Cup,Port Elizabeth,South Africa
2021-07-08,South Africa,Eswatini,1.0,0.0,False,COSAFA Cup,Port Elizabeth,South Africa
2021-07-09,Peru,Colombia,2.0,3.0,True,Copa América,Brasília,Brazil
2021-07-09,Senegal,Mozambique,1.0,0.0,True,COSAFA Cup,Port Elizabeth,South Africa
2021-07-10,Brazil,Argentina,0.0,1.0,False,Copa América,Rio de Janeiro,Brazil
2021-07-10,Mexico,Trinidad and Tobago,0.0,0.0,True,Gold Cup,Arlington,United States
2021-07-11,England,Italy,1.0,1.0,False,UEFA Euro,London,England
2021-07-11,Canada,Martinique,4.0,1.0,True,Gold Cup,Kansas City,United States
2021-07-11,United States,Haiti,1.0,0.0,False,Gold Cup,Kansas City,United States
2021-07-13,South Africa,Lesotho,4.0,0.0,False,COSAFA Cup,Port Elizabeth,South Africa
2021-07-13,Senegal,Zimbabwe,2.0,1.0,True,COSAFA Cup,Port Elizabeth,South Africa
2021-07-13,Qatar,Panama,3.0,3.0,True,Gold Cup,Houston,United States
2021-07-14,South Africa,Zambia,0.0,0.0,False,COSAFA Cup,Port Elizabeth,South Africa
2021-07-14,Senegal,Malawi,2.0,1.0,True,COSAFA Cup,Port Elizabeth,South Africa
2021-07-14,Guatemala,Mexico,0.0,3.0,True,Gold Cup,Dallas,United States
2021-07-15,Haiti,Canada,1.0,4.0,True,Gold Cup,Kansas City,United States
2021-07-15,United States,Martinique,6.0,1.0,False,Gold Cup,Kansas City,United States
2021-07-16,Senegal,Eswatini,2.0,2.0,True,COSAFA Cup,Port Elizabeth,South Africa
2021-07-16,South Africa,Mozambique,3.0,0.0,False,COSAFA Cup,Port Elizabeth,South Africa
2021-07-17,Grenada,Qatar,0.0,4.0,True,Gold Cup,Houston,United States
2021-07-17,Panama,Honduras,2.0,3.0,True,Gold Cup,Houston,United States
2021-07-18,South Africa,Senegal,0.0,0.0,False,COSAFA Cup,Port Elizabeth,South Africa
2021-07-18,Mexico,El Salvador,1.0,0.0,True,Gold Cup,Dallas,United States
2021-07-18,Martinique,Haiti,1.0,2.0,True,Gold Cup,Frisco,United States
2021-07-18,United States,Canada,1.0,0.0,False,Gold Cup,Kansas City,United States
2021-07-20,Panama,Grenada,3.0,1.0,True,Gold Cup,Orlando,United States
2021-07-20,Honduras,Qatar,0.0,2.0,True,Gold Cup,Houston,United States
2021-07-24,Mexico,Honduras,3.0,0.0,True,Gold Cup,Glendale,United States
2021-07-24,Qatar,El Salvador,3.0,2.0,True,Gold Cup,Glendale,United States
2021-07-25,Costa Rica,Canada,0.0,2.0,True,Gold Cup,Arlington,United States
2021-07-25,United States,Jamaica,1.0,0.0,False,Gold Cup,Arlington,United States
2021-07-29,Mexico,Canada,2.0,1.0,True,Gold Cup,Houston,United States
2021-07-29,United States,Qatar,1.0,0.0,False,Gold Cup,Austin,United States
2021-08-01,United States,Mexico,1.0,0.0,False,Gold Cup,Las Vegas,United States
2021-09-01,Bahrain,Haiti,6.0,1.0,False,Friendly,Riffa,Bahrain
2021-09-01,Qatar,Serbia,0.0,4.0,True,Friendly,Debrecen,Hungary
2021-09-01,Switzerland,Greece,2.0,1.0,False,Friendly,Basel,Switzerland
2021-09-01,Central African Republic,Cabo Verde,1.0,1.0,True,FIFA World Cup qualification,Douala,Cameroon
2021-09-01,Egypt,Angola,1.0,0.0,False,FIFA World Cup qualification,Cairo,Egypt
2021-09-01,Senegal,Togo,2.0,0.0,False,FIFA World Cup qualification,Thiès,Senegal
2021-09-01,Portugal,Ireland,2.0,1.0,False,FIFA World Cup qualification,Faro-Loulé,Portugal
2021-09-01,France,Bosnia and Herzegovina,1.0,1.0,False,FIFA World Cup qualification,Strasbourg,France
2021-09-01,Denmark,Scotland,2.0,0.0,False,FIFA World Cup qualification,Copenhagen,Denmark
2021-09-01,Moldova,Austria,0.0,2.0,False,FIFA World Cup qualification,Chișinău,Moldova
2021-09-01,Norway,Netherlands,1.0,1.0,False,FIFA World Cup qualification,Oslo,Norway
2021-09-01,Türkiye,Montenegro,2.0,2.0,False,FIFA World Cup qualification,Istanbul,Turkey
2021-09-01,Russia,Croatia,0.0,0.0,False,FIFA World Cup qualification,Moscow,Russia
2021-09-02,Algeria,Djibouti,8.0,0.0,False,FIFA World Cup qualification,Blida,Algeria
2021-09-02,Morocco,Sudan,2.0,0.0,False,FIFA World Cup qualification,Rabat,Morocco
2021-09-02,Congo DR,Tanzania,1.0,1.0,False,FIFA World Cup qualification,Lubumbashi,DR Congo
2021-09-02,Korea Republic,Iraq,0.0,0.0,False,FIFA World Cup qualification,Seoul,South Korea
2021-09-02,Iran,Syria,1.0,0.0,False,FIFA World Cup qualification,Tehran,Iran
2021-09-02,Japan,Oman,0.0,1.0,False,FIFA World Cup qualification,Suita,Japan
2021-09-02,Australia,China PR,3.0,0.0,True,FIFA World Cup qualification,Doha,Qatar
2021-09-02,Saudi Arabia,Vietnam,3.0,1.0,False,FIFA World Cup qualification,Riyadh,Saudi Arabia
2021-09-02,Sweden,Spain,2.0,1.0,False,FIFA World Cup qualification,Stockholm,Sweden
2021-09-02,Czechia,Belarus,1.0,0.0,False,FIFA World Cup qualification,Ostrava,Czech Republic
2021-09-02,Estonia,Belgium,2.0,5.0,False,FIFA World Cup qualification,Tallinn,Estonia
2021-09-02,Hungary,England,0.0,4.0,False,FIFA World Cup qualification,Budapest,Hungary
2021-09-02,Liechtenstein,Germany,0.0,2.0,True,FIFA World Cup qualification,St. Gallen,Switzerland
2021-09-02,Bolivia,Colombia,1.0,1.0,False,FIFA World Cup qualification,La Paz,Bolivia
2021-09-02,Ecuador,Paraguay,2.0,0.0,False,FIFA World Cup qualification,Quito,Ecuador
2021-09-02,Peru,Uruguay,1.0,1.0,False,FIFA World Cup qualification,Lima,Peru
2021-09-02,Venezuela,Argentina,1.0,3.0,False,FIFA World Cup qualification,Caracas,Venezuela
2021-09-02,Chile,Brazil,0.0,1.0,False,FIFA World Cup qualification,Santiago,Chile
2021-09-02,Canada,Honduras,1.0,1.0,False,FIFA World Cup qualification,Toronto,Canada
2021-09-02,El Salvador,United States,0.0,0.0,False,FIFA World Cup qualification,San Salvador,El Salvador
2021-09-02,Panama,Costa Rica,0.0,0.0,False,FIFA World Cup qualification,Panama City,Panama
2021-09-02,Mexico,Jamaica,2.0,1.0,False,FIFA World Cup qualification,Mexico City,Mexico
2021-09-03,Tunisia,Equatorial Guinea,3.0,0.0,False,FIFA World Cup qualification,Radès,Tunisia
2021-09-03,Mozambique,Côte d'Ivoire,0.0,0.0,False,FIFA World Cup qualification,Maputo,Mozambique
2021-09-03,Zimbabwe,South Africa,0.0,0.0,False,FIFA World Cup qualification,Harare,Zimbabwe
2021-09-03,Ghana,Ethiopia,1.0,0.0,False,FIFA World Cup qualification,Cape Coast,Ghana
2021-09-04,Bosnia and Herzegovina,Kuwait,1.0,0.0,False,Friendly,Zenica,Bosnia and Herzegovina
2021-09-04,Haiti,Jordan,2.0,0.0,True,Friendly,Riffa,Bahrain
2021-09-04,Qatar,Portugal,1.0,3.0,True,Friendly,Debrecen,Hungary
2021-09-04,Ukraine,France,1.0,1.0,False,FIFA World Cup qualification,Kyiv,Ukraine
2021-09-04,Scotland,Moldova,1.0,0.0,False,FIFA World Cup qualification,Glasgow,Scotland
2021-09-04,Israel,Austria,5.0,2.0,False,FIFA World Cup qualification,Haifa,Israel
2021-09-04,Latvia,Norway,0.0,2.0,False,FIFA World Cup qualification,Riga,Latvia
2021-09-04,Gibraltar,Türkiye,0.0,3.0,False,FIFA World Cup qualification,Gibraltar,Gibraltar
2021-09-04,Netherlands,Montenegro,4.0,0.0,False,FIFA World Cup qualification,Eindhoven,Netherlands
2021-09-04,Slovakia,Croatia,0.0,1.0,False,FIFA World Cup qualification,Bratislava,Slovakia
2021-09-05,Sweden,Uzbekistan,2.0,1.0,False,Friendly,Stockholm,Sweden
2021-09-05,Gabon,Egypt,1.0,1.0,False,FIFA World Cup qualification,Franceville,Gabon
2021-09-05,Spain,Georgia,4.0,0.0,False,FIFA World Cup qualification,Badajoz,Spain
2021-09-05,Switzerland,Italy,0.0,0.0,False,FIFA World Cup qualification,Basel,Switzerland
2021-09-05,Belgium,Czechia,3.0,0.0,False,FIFA World Cup qualification,Brussels,Belgium
2021-09-05,England,Andorra,4.0,0.0,False,FIFA World Cup qualification,London,England
2021-09-05,Germany,Armenia,6.0,0.0,False,FIFA World Cup qualification,Stuttgart,Germany
2021-09-05,Ecuador,Chile,0.0,0.0,False,FIFA World Cup qualification,Quito,Ecuador
2021-09-05,Paraguay,Colombia,1.0,1.0,False,FIFA World Cup qualification,Asunción,Paraguay
2021-09-05,Uruguay,Bolivia,4.0,2.0,False,FIFA World Cup qualification,Montevideo,Uruguay
2021-09-05,Costa Rica,Mexico,0.0,1.0,False,FIFA World Cup qualification,San José,Costa Rica
2021-09-05,Jamaica,Panama,0.0,3.0,False,FIFA World Cup qualification,Kingston,Jamaica
2021-09-05,United States,Canada,1.0,1.0,False,FIFA World Cup qualification,Nashville,United States
2021-09-06,Côte d'Ivoire,Cameroon,2.0,1.0,False,FIFA World Cup qualification,Abidjan,Ivory Coast
2021-09-06,South Africa,Ghana,1.0,0.0,False,FIFA World Cup qualification,Johannesburg,South Africa
2021-09-06,Benin,Congo DR,1.0,1.0,False,FIFA World Cup qualification,Cotonou,Benin
2021-09-07,Bahrain,Jordan,1.0,2.0,False,Friendly,Riffa,Bahrain
2021-09-07,Luxembourg,Qatar,1.0,1.0,False,Friendly,Luxembourg,Luxembourg
2021-09-07,Burkina Faso,Algeria,1.0,1.0,True,FIFA World Cup qualification,Marrakech,Morocco
2021-09-07,Zambia,Tunisia,0.0,2.0,False,FIFA World Cup qualification,Ndola,Zambia
2021-09-07,Cabo Verde,Nigeria,1.0,2.0,False,FIFA World Cup qualification,Mindelo,Cape Verde
2021-09-07,Congo,Senegal,1.0,3.0,False,FIFA World Cup qualification,Brazzaville,Congo
2021-09-07,Korea Republic,Lebanon,1.0,0.0,False,FIFA World Cup qualification,Suwon,South Korea
2021-09-07,Iraq,Iran,0.0,3.0,True,FIFA World Cup qualification,Doha,Qatar
2021-09-07,China PR,Japan,0.0,1.0,True,FIFA World Cup qualification,Doha,Qatar
2021-09-07,Vietnam,Australia,0.0,1.0,False,FIFA World Cup qualification,Hanoi,Vietnam
2021-09-07,Oman,Saudi Arabia,0.0,1.0,False,FIFA World Cup qualification,Muscat,Oman
2021-09-07,Azerbaijan,Portugal,0.0,3.0,False,FIFA World Cup qualification,Baku,Azerbaijan
2021-09-07,Bosnia and Herzegovina,Kazakhstan,2.0,2.0,False,FIFA World Cup qualification,Zenica,Bosnia and Herzegovina
2021-09-07,France,Finland,2.0,0.0,False,FIFA World Cup qualification,Lyon,France
2021-09-07,Austria,Scotland,0.0,1.0,False,FIFA World Cup qualification,Vienna,Austria
2021-09-07,Netherlands,Türkiye,6.0,1.0,False,FIFA World Cup qualification,Amsterdam,Netherlands
2021-09-07,Norway,Gibraltar,5.0,1.0,False,FIFA World Cup qualification,Oslo,Norway
2021-09-07,Croatia,Slovenia,3.0,0.0,False,FIFA World Cup qualification,Split,Croatia
2021-09-08,Czechia,Ukraine,1.0,1.0,False,Friendly,Plzeň,Czech Republic
2021-09-08,Kosovo,Spain,0.0,2.0,False,FIFA World Cup qualification,Pristina,Kosovo
2021-09-08,Greece,Sweden,2.0,1.0,False,FIFA World Cup qualification,Athens,Greece
2021-09-08,Northern Ireland,Switzerland,0.0,0.0,False,FIFA World Cup qualification,Belfast,Northern Ireland
2021-09-08,Belarus,Belgium,0.0,1.0,True,FIFA World Cup qualification,Kazan,Russia
2021-09-08,Poland,England,1.0,1.0,False,FIFA World Cup qualification,Warsaw,Poland
2021-09-08,Iceland,Germany,0.0,4.0,False,FIFA World Cup qualification,Reykjavík,Iceland
2021-09-08,Panama,Mexico,1.0,1.0,False,FIFA World Cup qualification,Panama City,Panama
2021-09-08,Canada,El Salvador,3.0,0.0,False,FIFA World Cup qualification,Toronto,Canada
2021-09-08,Honduras,United States,1.0,4.0,False,FIFA World Cup qualification,San Pedro Sula,Honduras
2021-09-09,Colombia,Chile,3.0,1.0,False,FIFA World Cup qualification,Barranquilla,Colombia
2021-09-09,Paraguay,Venezuela,2.0,1.0,False,FIFA World Cup qualification,Asunción,Paraguay
2021-09-09,Uruguay,Ecuador,1.0,0.0,False,FIFA World Cup qualification,Montevideo,Uruguay
2021-09-09,Argentina,Bolivia,3.0,0.0,False,FIFA World Cup qualification,Buenos Aires,Argentina
2021-09-09,Brazil,Peru,2.0,0.0,False,FIFA World Cup qualification,Recife,Brazil
2021-09-30,Egypt,Liberia,2.0,0.0,False,Friendly,Alexandria,Egypt
2021-10-06,Morocco,Guinea-Bissau,5.0,0.0,False,FIFA World Cup qualification,Rabat,Morocco
2021-10-06,Bahrain,Curaçao,4.0,0.0,False,Friendly,Riffa,Bahrain
2021-10-06,Jordan,Malaysia,4.0,0.0,False,Friendly,Amman,Jordan
2021-10-06,Italy,Spain,1.0,2.0,False,UEFA Nations League,Milan,Italy
2021-10-07,Iraq,Lebanon,0.0,0.0,True,FIFA World Cup qualification,Doha,Qatar
2021-10-07,Korea Republic,Syria,2.0,1.0,False,FIFA World Cup qualification,Ansan,South Korea
2021-10-07,United Arab Emirates,Iran,0.0,1.0,False,FIFA World Cup qualification,Dubai,United Arab Emirates
2021-10-07,Saudi Arabia,Japan,1.0,0.0,False,FIFA World Cup qualification,Jeddah,Saudi Arabia
2021-10-07,Australia,Oman,3.0,1.0,True,FIFA World Cup qualification,Doha,Qatar
2021-10-07,United States,Jamaica,2.0,0.0,False,FIFA World Cup qualification,Austin,United States
2021-10-07,El Salvador,Panama,1.0,0.0,False,FIFA World Cup qualification,San Salvador,El Salvador
2021-10-07,Mexico,Canada,1.0,1.0,False,FIFA World Cup qualification,Mexico City,Mexico
2021-10-07,Tunisia,Mauritania,3.0,0.0,False,FIFA World Cup qualification,Radès,Tunisia
2021-10-07,Liberia,Cabo Verde,1.0,2.0,True,FIFA World Cup qualification,Accra,Ghana
2021-10-07,Congo DR,Madagascar,2.0,0.0,False,FIFA World Cup qualification,Kinshasa,DR Congo
2021-10-07,Ecuador,Bolivia,3.0,0.0,False,FIFA World Cup qualification,Guayaquil,Ecuador
2021-10-07,Venezuela,Brazil,1.0,3.0,False,FIFA World Cup qualification,Caracas,Venezuela
2021-10-07,Paraguay,Argentina,0.0,0.0,False,FIFA World Cup qualification,Asunción,Paraguay
2021-10-07,Uruguay,Colombia,0.0,0.0,False,FIFA World Cup qualification,Montevideo,Uruguay
2021-10-07,Belgium,France,2.0,3.0,True,UEFA Nations League,Turin,Italy
2021-10-08,Czechia,Wales,2.0,2.0,False,FIFA World Cup qualification,Prague,Czech Republic
2021-10-08,Latvia,Netherlands,0.0,1.0,False,FIFA World Cup qualification,Riga,Latvia
2021-10-08,Türkiye,Norway,1.0,1.0,False,FIFA World Cup qualification,Istanbul,Turkey
2021-10-08,Cyprus,Croatia,0.0,3.0,False,FIFA World Cup qualification,Larnaca,Cyprus
2021-10-08,Germany,Romania,2.0,1.0,False,FIFA World Cup qualification,Hamburg,Germany
2021-10-08,Algeria,Niger,6.0,1.0,False,FIFA World Cup qualification,Algiers,Algeria
2021-10-08,Malawi,Côte d'Ivoire,0.0,3.0,True,FIFA World Cup qualification,Johannesburg,South Africa
2021-10-08,Egypt,Libya,1.0,0.0,False,FIFA World Cup qualification,Alexandria,Egypt
2021-10-09,Sweden,Kosovo,3.0,0.0,False,FIFA World Cup qualification,Stockholm,Sweden
2021-10-09,Switzerland,Northern Ireland,2.0,0.0,False,FIFA World Cup qualification,Geneva,Switzerland
2021-10-09,Kazakhstan,Bosnia and Herzegovina,0.0,2.0,False,FIFA World Cup qualification,Nur-Sultan,Kazakhstan
2021-10-09,Scotland,Israel,3.0,2.0,False,FIFA World Cup qualification,Glasgow,Scotland
2021-10-09,Faroe Islands,Austria,0.0,2.0,False,FIFA World Cup qualification,Tórshavn,Faroe Islands
2021-10-09,Andorra,England,0.0,5.0,False,FIFA World Cup qualification,Andorra la Vella,Andorra
2021-10-09,Ethiopia,South Africa,1.0,3.0,False,FIFA World Cup qualification,Bahir Dar,Ethiopia
2021-10-09,Ghana,Zimbabwe,3.0,1.0,False,FIFA World Cup qualification,Cape Coast,Ghana
2021-10-09,Senegal,Namibia,4.0,1.0,False,FIFA World Cup qualification,Thiès,Senegal
2021-10-09,Curaçao,New Zealand,1.0,2.0,True,Friendly,Riffa,Bahrain
2021-10-09,Portugal,Qatar,3.0,0.0,False,Friendly,Faro-Loulé,Portugal
2021-10-09,Uzbekistan,Malaysia,5.0,1.0,True,Friendly,Amman,Jordan
2021-10-09,Morocco,Guinea-Bissau,3.0,0.0,False,FIFA World Cup qualification,Casablanca,Morocco
2021-10-10,Jamaica,Canada,0.0,0.0,False,FIFA World Cup qualification,Kingston,Jamaica
2021-10-10,Panama,United States,1.0,0.0,False,FIFA World Cup qualification,Panama City,Panama
2021-10-10,Mexico,Honduras,3.0,0.0,False,FIFA World Cup qualification,Mexico City,Mexico
2021-10-10,Mauritania,Tunisia,0.0,0.0,False,FIFA World Cup qualification,Nouakchott,Mauritania
2021-10-10,Cabo Verde,Liberia,1.0,0.0,False,FIFA World Cup qualification,Mindelo,Cape Verde
2021-10-10,Madagascar,Congo DR,1.0,0.0,False,FIFA World Cup qualification,Antananarivo,Madagascar
2021-10-10,Colombia,Brazil,0.0,0.0,False,FIFA World Cup qualification,Barranquilla,Colombia
2021-10-10,Venezuela,Ecuador,2.0,1.0,False,FIFA World Cup qualification,Caracas,Venezuela
2021-10-10,Argentina,Uruguay,3.0,0.0,False,FIFA World Cup qualification,Buenos Aires,Argentina
2021-10-10,Chile,Paraguay,2.0,0.0,False,FIFA World Cup qualification,Santiago,Chile
2021-10-10,Italy,Belgium,2.0,1.0,False,UEFA Nations League,Turin,Italy
2021-10-10,Spain,France,1.0,2.0,True,UEFA Nations League,Milan,Italy
2021-10-11,Belarus,Czechia,0.0,2.0,True,FIFA World Cup qualification,Kazan,Russia
2021-10-11,Netherlands,Gibraltar,6.0,0.0,False,FIFA World Cup qualification,Rotterdam,Netherlands
2021-10-11,Norway,Montenegro,2.0,0.0,False,FIFA World Cup qualification,Oslo,Norway
2021-10-11,Latvia,Türkiye,1.0,2.0,False,FIFA World Cup qualification,Riga,Latvia
2021-10-11,Croatia,Slovakia,2.0,2.0,False,FIFA World Cup qualification,Osijek,Croatia
2021-10-11,North Macedonia,Germany,0.0,4.0,False,FIFA World Cup qualification,Skopje,North Macedonia
2021-10-11,Côte d'Ivoire,Malawi,2.0,1.0,True,FIFA World Cup qualification,Cotonou,Benin
2021-10-11,Libya,Egypt,0.0,3.0,False,FIFA World Cup qualification,Benina,Libya
2021-10-12,Iran,Korea Republic,1.0,1.0,False,FIFA World Cup qualification,Tehran,Iran
2021-10-12,United Arab Emirates,Iraq,2.0,2.0,False,FIFA World Cup qualification,Dubai,United Arab Emirates
2021-10-12,Japan,Australia,2.0,1.0,False,FIFA World Cup qualification,Saitama,Japan
2021-10-12,Saudi Arabia,China PR,3.0,2.0,False,FIFA World Cup qualification,Jeddah,Saudi Arabia
2021-10-12,Portugal,Luxembourg,5.0,0.0,False,FIFA World Cup qualification,Faro-Loulé,Portugal
2021-10-12,Sweden,Greece,2.0,0.0,False,FIFA World Cup qualification,Stockholm,Sweden
2021-10-12,Lithuania,Switzerland,0.0,4.0,False,FIFA World Cup qualification,Vilnius,Lithuania
2021-10-12,Ukraine,Bosnia and Herzegovina,1.0,1.0,False,FIFA World Cup qualification,Lviv,Ukraine
2021-10-12,Faroe Islands,Scotland,0.0,1.0,False,FIFA World Cup qualification,Tórshavn,Faroe Islands
2021-10-12,Denmark,Austria,1.0,0.0,False,FIFA World Cup qualification,Copenhagen,Denmark
2021-10-12,England,Hungary,1.0,1.0,False,FIFA World Cup qualification,London,England
2021-10-12,Niger,Algeria,0.0,4.0,False,FIFA World Cup qualification,Niamey,Niger
2021-10-12,Zimbabwe,Ghana,0.0,1.0,False,FIFA World Cup qualification,Harare,Zimbabwe
2021-10-12,South Africa,Ethiopia,1.0,0.0,False,FIFA World Cup qualification,Johannesburg,South Africa
2021-10-12,Namibia,Senegal,1.0,3.0,True,FIFA World Cup qualification,Johannesburg,South Africa
2021-10-12,Bahrain,New Zealand,0.0,1.0,False,Friendly,Riffa,Bahrain
2021-10-12,Jordan,Uzbekistan,3.0,0.0,False,Friendly,Amman,Jordan
2021-10-12,Ireland,Qatar,4.0,0.0,False,Friendly,Dublin,Republic of Ireland
2021-10-12,Morocco,Guinea,4.0,1.0,False,FIFA World Cup qualification,Agadir,Morocco
2021-10-13,United States,Costa Rica,2.0,1.0,False,FIFA World Cup qualification,Columbus,United States
2021-10-13,Canada,Panama,4.0,1.0,False,FIFA World Cup qualification,Toronto,Canada
2021-10-13,El Salvador,Mexico,0.0,2.0,False,FIFA World Cup qualification,San Salvador,El Salvador
2021-10-14,Bolivia,Paraguay,4.0,0.0,False,FIFA World Cup qualification,La Paz,Bolivia
2021-10-14,Colombia,Ecuador,0.0,0.0,False,FIFA World Cup qualification,Barranquilla,Colombia
2021-10-14,Argentina,Peru,1.0,0.0,False,FIFA World Cup qualification,Buenos Aires,Argentina
2021-10-14,Brazil,Uruguay,4.0,1.0,False,FIFA World Cup qualification,Manaus,Brazil
2021-10-27,Mexico,Ecuador,2.0,3.0,True,Friendly,Charlotte,United States
2021-11-10,Kosovo,Jordan,0.0,2.0,False,Friendly,Pristina,Kosovo
2021-11-11,Czechia,Kuwait,7.0,0.0,False,Friendly,Olomouc,Czech Republic
2021-11-11,Serbia,Qatar,4.0,0.0,False,Friendly,Belgrade,Serbia
2021-11-11,Ethiopia,Ghana,1.0,1.0,True,FIFA World Cup qualification,Johannesburg,South Africa
2021-11-11,South Africa,Zimbabwe,1.0,0.0,False,FIFA World Cup qualification,Johannesburg,South Africa
2021-11-11,Togo,Senegal,1.0,1.0,False,FIFA World Cup qualification,Lomé,Togo
2021-11-11,Tanzania,Congo DR,0.0,3.0,False,FIFA World Cup qualification,Dar es Salaam,Tanzania
2021-11-11,Lebanon,Iran,1.0,2.0,False,FIFA World Cup qualification,Sidon,Lebanon
2021-11-11,Iraq,Syria,1.0,1.0,True,FIFA World Cup qualification,Al Rayyan,Qatar
2021-11-11,Korea Republic,United Arab Emirates,1.0,0.0,False,FIFA World Cup qualification,Goyang,South Korea
2021-11-11,Vietnam,Japan,0.0,1.0,False,FIFA World Cup qualification,Hanoi,Vietnam
2021-11-11,Australia,Saudi Arabia,0.0,0.0,False,FIFA World Cup qualification,Sydney,Australia
2021-11-11,Ireland,Portugal,0.0,0.0,False,FIFA World Cup qualification,Dublin,Republic of Ireland
2021-11-11,Georgia,Sweden,2.0,0.0,False,FIFA World Cup qualification,Batumi,Georgia
2021-11-11,Greece,Spain,0.0,1.0,False,FIFA World Cup qualification,Athens,Greece
2021-11-11,Malta,Croatia,1.0,7.0,False,FIFA World Cup qualification,Ta' Qali,Malta
2021-11-11,Germany,Liechtenstein,9.0,0.0,False,FIFA World Cup qualification,Wolfsburg,Germany
2021-11-11,Ecuador,Venezuela,1.0,0.0,False,FIFA World Cup qualification,Quito,Ecuador
2021-11-11,Paraguay,Chile,0.0,1.0,False,FIFA World Cup qualification,Asunción,Paraguay
2021-11-11,Brazil,Colombia,1.0,0.0,False,FIFA World Cup qualification,São Paulo,Brazil
2021-11-12,Djibouti,Algeria,0.0,4.0,True,FIFA World Cup qualification,Cairo,Egypt
2021-11-12,Angola,Egypt,2.0,2.0,False,FIFA World Cup qualification,Luanda,Angola
2021-11-12,Morocco,Sudan,3.0,0.0,False,FIFA World Cup qualification,Rabat,Morocco
2021-11-12,Canada,Costa Rica,1.0,0.0,False,FIFA World Cup qualification,Edmonton,Canada
2021-11-12,Honduras,Panama,2.0,3.0,False,FIFA World Cup qualification,San Pedro Sula,Honduras
2021-11-12,United States,Mexico,2.0,0.0,False,FIFA World Cup qualification,Cincinnati,United States
2021-11-12,Italy,Switzerland,1.0,1.0,False,FIFA World Cup qualification,Rome,Italy
2021-11-12,Moldova,Scotland,0.0,2.0,False,FIFA World Cup qualification,Chișinău,Moldova
2021-11-12,Austria,Israel,4.0,2.0,False,FIFA World Cup qualification,Klagenfurt,Austria
2021-11-12,England,Albania,5.0,0.0,False,FIFA World Cup qualification,London,England
2021-11-12,Uruguay,Argentina,0.0,1.0,False,FIFA World Cup qualification,Montevideo,Uruguay
2021-11-13,Equatorial Guinea,Tunisia,1.0,0.0,False,FIFA World Cup qualification,Malabo,Equatorial Guinea
2021-11-13,Cabo Verde,Central African Republic,2.0,1.0,False,FIFA World Cup qualification,Mindelo,Cape Verde
2021-11-13,Côte d'Ivoire,Mozambique,3.0,0.0,True,FIFA World Cup qualification,Cotonou,Benin
2021-11-13,Bosnia and Herzegovina,Finland,1.0,3.0,False,FIFA World Cup qualification,Zenica,Bosnia and Herzegovina
2021-11-13,France,Kazakhstan,8.0,0.0,False,FIFA World Cup qualification,Paris,France
2021-11-13,Belgium,Estonia,3.0,1.0,False,FIFA World Cup qualification,Brussels,Belgium
2021-11-13,Norway,Latvia,0.0,0.0,False,FIFA World Cup qualification,Oslo,Norway
2021-11-13,Türkiye,Gibraltar,6.0,0.0,False,FIFA World Cup qualification,Istanbul,Turkey
2021-11-13,Montenegro,Netherlands,2.0,2.0,False,FIFA World Cup qualification,Podgorica,Montenegro
2021-11-14,Azerbaijan,Qatar,2.0,2.0,False,Friendly,Baku,Azerbaijan
2021-11-14,Ghana,South Africa,1.0,0.0,False,FIFA World Cup qualification,Cape Coast,Ghana
2021-11-14,Senegal,Congo,2.0,0.0,False,FIFA World Cup qualification,Thiès,Senegal
2021-11-14,Congo DR,Benin,2.0,0.0,False,FIFA World Cup qualification,Kinshasa,DR Congo
2021-11-14,Portugal,Serbia,1.0,2.0,False,FIFA World Cup qualification,Lisbon,Portugal
2021-11-14,Spain,Sweden,1.0,0.0,False,FIFA World Cup qualification,Seville,Spain
2021-11-14,Croatia,Russia,1.0,0.0,False,FIFA World Cup qualification,Split,Croatia
2021-11-14,Armenia,Germany,1.0,4.0,False,FIFA World Cup qualification,Yerevan,Armenia
2021-11-15,Georgia,Uzbekistan,1.0,0.0,False,Friendly,Gori,Georgia
2021-11-15,Switzerland,Bulgaria,4.0,0.0,False,FIFA World Cup qualification,Lucerne,Switzerland
2021-11-15,Scotland,Denmark,2.0,0.0,False,FIFA World Cup qualification,Glasgow,Scotland
2021-11-15,Austria,Moldova,4.0,1.0,False,FIFA World Cup qualification,Klagenfurt,Austria
2021-11-15,San Marino,England,0.0,10.0,False,FIFA World Cup qualification,Serravalle,San Marino
2021-11-16,Belarus,Jordan,1.0,0.0,False,Friendly,Minsk,Belarus
2021-11-16,New Zealand,Gambia,2.0,0.0,True,Friendly,Dubai,United Arab Emirates
2021-11-16,Algeria,Burkina Faso,2.0,2.0,False,FIFA World Cup qualification,Blida,Algeria
2021-11-16,Tunisia,Zambia,3.0,1.0,False,FIFA World Cup qualification,Radès,Tunisia
2021-11-16,Nigeria,Cabo Verde,1.0,1.0,False,FIFA World Cup qualification,Lagos,Nigeria
2021-11-16,Cameroon,Côte d'Ivoire,1.0,0.0,False,FIFA World Cup qualification,Douala,Cameroon
2021-11-16,Egypt,Gabon,2.0,1.0,False,FIFA World Cup qualification,Alexandria,Egypt
2021-11-16,Morocco,Guinea,3.0,0.0,False,FIFA World Cup qualification,Casablanca,Morocco
2021-11-16,Iraq,Korea Republic,0.0,3.0,True,FIFA World Cup qualification,Al Rayyan,Qatar
2021-11-16,Syria,Iran,0.0,3.0,True,FIFA World Cup qualification,Amman,Jordan
2021-11-16,China PR,Australia,1.0,1.0,True,FIFA World Cup qualification,Sharjah,United Arab Emirates
2021-11-16,Vietnam,Saudi Arabia,0.0,1.0,False,FIFA World Cup qualification,Hanoi,Vietnam
2021-11-16,Oman,Japan,0.0,1.0,False,FIFA World Cup qualification,Muscat,Oman
2021-11-16,Jamaica,United States,1.0,1.0,False,FIFA World Cup qualification,Kingston,Jamaica
2021-11-16,Canada,Mexico,2.0,1.0,False,FIFA World Cup qualification,Edmonton,Canada
2021-11-16,Panama,El Salvador,2.0,1.0,False,FIFA World Cup qualification,Panama City,Panama
2021-11-16,Bosnia and Herzegovina,Ukraine,0.0,2.0,False,FIFA World Cup qualification,Zenica,Bosnia and Herzegovina
2021-11-16,Finland,France,0.0,2.0,False,FIFA World Cup qualification,Helsinki,Finland
2021-11-16,Wales,Belgium,1.0,1.0,False,FIFA World Cup qualification,Cardiff,Wales
2021-11-16,Czechia,Estonia,2.0,0.0,False,FIFA World Cup qualification,Prague,Czech Republic
2021-11-16,Montenegro,Türkiye,1.0,2.0,False,FIFA World Cup qualification,Podgorica,Montenegro
2021-11-16,Netherlands,Norway,2.0,0.0,False,FIFA World Cup qualification,Rotterdam,Netherlands
2021-11-16,Bolivia,Uruguay,3.0,0.0,False,FIFA World Cup qualification,La Paz,Bolivia
2021-11-16,Colombia,Paraguay,0.0,0.0,False,FIFA World Cup qualification,Barranquilla,Colombia
2021-11-16,Argentina,Brazil,0.0,0.0,False,FIFA World Cup qualification,San Juan,Argentina
2021-11-16,Chile,Ecuador,0.0,2.0,False,FIFA World Cup qualification,Santiago,Chile
2021-11-30,Iraq,Oman,1.0,1.0,True,Arab Cup,Al Wakrah,Qatar
2021-11-30,Qatar,Bahrain,1.0,0.0,False,Arab Cup,Al Khor,Qatar
2021-11-30,Tunisia,Mauritania,5.0,1.0,True,Arab Cup,Al Rayyan,Qatar
2021-12-01,Morocco,Palestine,4.0,0.0,True,Arab Cup,Al Wakrah,Qatar
2021-12-01,Saudi Arabia,Jordan,0.0,1.0,True,Arab Cup,Al Rayyan,Qatar
2021-12-01,Algeria,Sudan,4.0,0.0,True,Arab Cup,Al Rayyan,Qatar
2021-12-01,Egypt,Lebanon,1.0,0.0,True,Arab Cup,Doha,Qatar
2021-12-03,Bahrain,Iraq,0.0,0.0,True,Arab Cup,Doha,Qatar
2021-12-03,Qatar,Oman,2.0,1.0,False,Arab Cup,Al Rayyan,Qatar
2021-12-03,Syria,Tunisia,2.0,0.0,True,Arab Cup,Al Khor,Qatar
2021-12-04,El Salvador,Ecuador,1.0,1.0,True,Friendly,Houston,United States
2021-12-04,Jordan,Morocco,0.0,4.0,True,Arab Cup,Al Rayyan,Qatar
2021-12-04,Palestine,Saudi Arabia,1.0,1.0,True,Arab Cup,Al Rayyan,Qatar
2021-12-04,Lebanon,Algeria,0.0,2.0,True,Arab Cup,Al Wakrah,Qatar
2021-12-04,Sudan,Egypt,0.0,5.0,True,Arab Cup,Doha,Qatar
2021-12-06,Qatar,Iraq,3.0,0.0,False,Arab Cup,Al Khor,Qatar
2021-12-06,Tunisia,United Arab Emirates,1.0,0.0,True,Arab Cup,Doha,Qatar
2021-12-07,Jordan,Palestine,5.0,1.0,True,Arab Cup,Doha,Qatar
2021-12-07,Morocco,Saudi Arabia,1.0,0.0,True,Arab Cup,Doha,Qatar
2021-12-07,Algeria,Egypt,1.0,1.0,True,Arab Cup,Al Wakrah,Qatar
2021-12-08,Mexico,Chile,2.0,2.0,True,Friendly,Austin,United States
2021-12-10,Tunisia,Oman,2.0,1.0,True,Arab Cup,Al Rayyan,Qatar
2021-12-10,Qatar,United Arab Emirates,5.0,0.0,False,Arab Cup,Al Khor,Qatar
2021-12-11,Egypt,Jordan,3.0,1.0,True,Arab Cup,Al Wakrah,Qatar
2021-12-11,Morocco,Algeria,2.0,2.0,True,Arab Cup,Doha,Qatar
2021-12-15,Tunisia,Egypt,1.0,0.0,True,Arab Cup,Doha,Qatar
2021-12-15,Qatar,Algeria,1.0,2.0,False,Arab Cup,Doha,Qatar
2021-12-18,Qatar,Egypt,0.0,0.0,False,Arab Cup,Doha,Qatar
2021-12-18,Tunisia,Algeria,0.0,2.0,True,Arab Cup,Al Khor,Qatar
2021-12-18,United States,Bosnia and Herzegovina,1.0,0.0,False,Friendly,Los Angeles,United States
2022-01-05,Algeria,Ghana,3.0,0.0,True,Friendly,Al Rayyan,Qatar
2022-01-09,Ethiopia,Cabo Verde,0.0,1.0,True,African Cup of Nations,Yaoundé,Cameroon
2022-01-10,Senegal,Zimbabwe,1.0,0.0,True,African Cup of Nations,Bafoussam,Cameroon
2022-01-10,Morocco,Ghana,1.0,0.0,True,African Cup of Nations,Yaoundé,Cameroon
2022-01-11,Nigeria,Egypt,1.0,0.0,True,African Cup of Nations,Garoua,Cameroon
2022-01-11,Algeria,Sierra Leone,0.0,0.0,True,African Cup of Nations,Douala,Cameroon
2022-01-12,Equatorial Guinea,Côte d'Ivoire,0.0,1.0,True,African Cup of Nations,Douala,Cameroon
2022-01-12,Tunisia,Mali,0.0,1.0,True,African Cup of Nations,Limbé,Cameroon
2022-01-13,Cabo Verde,Burkina Faso,0.0,1.0,True,African Cup of Nations,Yaoundé,Cameroon
2022-01-14,Senegal,Guinea,0.0,0.0,True,African Cup of Nations,Bafoussam,Cameroon
2022-01-14,Morocco,Comoros,2.0,0.0,True,African Cup of Nations,Yaoundé,Cameroon
2022-01-14,Gabon,Ghana,1.0,1.0,True,African Cup of Nations,Yaoundé,Cameroon
2022-01-15,Korea Republic,Iceland,5.0,1.0,True,Friendly,Antalya,Turkey
2022-01-15,Guinea-Bissau,Egypt,0.0,1.0,True,African Cup of Nations,Garoua,Cameroon
2022-01-16,Colombia,Honduras,2.0,1.0,True,Friendly,Fort Lauderdale,United States
2022-01-16,Peru,Panama,1.0,1.0,False,Friendly,Lima,Peru
2022-01-16,Côte d'Ivoire,Sierra Leone,2.0,2.0,True,African Cup of Nations,Douala,Cameroon
2022-01-16,Algeria,Equatorial Guinea,0.0,1.0,True,African Cup of Nations,Douala,Cameroon
2022-01-16,Tunisia,Mauritania,4.0,0.0,True,African Cup of Nations,Limbé,Cameroon
2022-01-17,Cameroon,Cabo Verde,1.0,1.0,False,African Cup of Nations,Yaoundé,Cameroon
2022-01-18,Malawi,Senegal,0.0,0.0,True,African Cup of Nations,Bafoussam,Cameroon
2022-01-18,Gabon,Morocco,2.0,2.0,True,African Cup of Nations,Yaoundé,Cameroon
2022-01-18,Ghana,Comoros,2.0,3.0,True,African Cup of Nations,Garoua,Cameroon
2022-01-19,Egypt,Sudan,1.0,0.0,True,African Cup of Nations,Yaoundé,Cameroon
2022-01-20,Korea Republic,Moldova,4.0,0.0,True,Friendly,Antalya,Turkey
2022-01-20,Côte d'Ivoire,Algeria,3.0,1.0,True,African Cup of Nations,Douala,Cameroon
2022-01-20,Gambia,Tunisia,1.0,0.0,True,African Cup of Nations,Limbé,Cameroon
2022-01-21,Iraq,Uganda,1.0,0.0,False,Friendly,Baghdad,Iraq
2022-01-23,Nigeria,Tunisia,0.0,1.0,True,African Cup of Nations,Garoua,Cameroon
2022-01-25,Morocco,Malawi,2.0,1.0,True,African Cup of Nations,Yaoundé,Cameroon
2022-01-25,Senegal,Cabo Verde,2.0,0.0,True,African Cup of Nations,Bafoussam,Cameroon
2022-01-26,Côte d'Ivoire,Egypt,0.0,0.0,True,African Cup of Nations,Douala,Cameroon
2022-01-27,Uzbekistan,South Sudan,3.0,0.0,True,Friendly,Dubai,United Arab Emirates
2022-01-27,Jamaica,Mexico,1.0,2.0,False,FIFA World Cup qualification,Kingston,Jamaica
2022-01-27,United States,El Salvador,1.0,0.0,False,FIFA World Cup qualification,Columbus,United States
2022-01-27,Honduras,Canada,0.0,2.0,False,FIFA World Cup qualification,San Pedro Sula,Honduras
2022-01-27,Costa Rica,Panama,1.0,0.0,False,FIFA World Cup qualification,San José,Costa Rica
2022-01-27,Lebanon,Korea Republic,0.0,1.0,False,FIFA World Cup qualification,Sidon,Lebanon
2022-01-27,Iran,Iraq,1.0,0.0,False,FIFA World Cup qualification,Tehran,Iran
2022-01-27,Japan,China PR,2.0,0.0,False,FIFA World Cup qualification,Saitama,Japan
2022-01-27,Australia,Vietnam,4.0,0.0,False,FIFA World Cup qualification,Melbourne,Australia
2022-01-27,Saudi Arabia,Oman,1.0,0.0,False,FIFA World Cup qualification,Jeddah,Saudi Arabia
2022-01-27,Ecuador,Brazil,1.0,1.0,False,FIFA World Cup qualification,Quito,Ecuador
2022-01-27,Paraguay,Uruguay,0.0,1.0,False,FIFA World Cup qualification,Asunción,Paraguay
2022-01-27,Chile,Argentina,1.0,2.0,False,FIFA World Cup qualification,Calama,Chile
2022-01-28,Jordan,New Zealand,3.0,1.0,True,Friendly,Abu Dhabi,United Arab Emirates
2022-01-28,Colombia,Peru,0.0,1.0,False,FIFA World Cup qualification,Barranquilla,Colombia
2022-01-29,Burkina Faso,Tunisia,1.0,0.0,True,African Cup of Nations,Garoua,Cameroon
2022-01-30,Egypt,Morocco,2.0,1.0,True,African Cup of Nations,Yaoundé,Cameroon
2022-01-30,Senegal,Equatorial Guinea,3.0,1.0,True,African Cup of Nations,Yaoundé,Cameroon
2022-01-30,Canada,United States,2.0,0.0,False,FIFA World Cup qualification,Hamilton,Canada
2022-01-30,Mexico,Costa Rica,0.0,0.0,False,FIFA World Cup qualification,Mexico City,Mexico
2022-01-30,Panama,Jamaica,3.0,2.0,False,FIFA World Cup qualification,Panama City,Panama
2022-02-01,Bahrain,Congo DR,1.0,0.0,False,Friendly,Riffa,Bahrain
2022-02-01,Lebanon,Iraq,1.0,1.0,False,FIFA World Cup qualification,Sidon,Lebanon
2022-02-01,Iran,United Arab Emirates,1.0,0.0,False,FIFA World Cup qualification,Tehran,Iran
2022-02-01,Syria,Korea Republic,0.0,2.0,True,FIFA World Cup qualification,Dubai,United Arab Emirates
2022-02-01,Japan,Saudi Arabia,2.0,0.0,False,FIFA World Cup qualification,Saitama,Japan
2022-02-01,Oman,Australia,2.0,2.0,False,FIFA World Cup qualification,Muscat,Oman
2022-02-01,Uruguay,Venezuela,4.0,1.0,False,FIFA World Cup qualification,Montevideo,Uruguay
2022-02-01,Argentina,Colombia,1.0,0.0,False,FIFA World Cup qualification,Córdoba,Argentina
2022-02-01,Peru,Ecuador,1.0,1.0,False,FIFA World Cup qualification,Lima,Peru
2022-02-01,Brazil,Paraguay,4.0,0.0,False,FIFA World Cup qualification,Belo Horizonte,Brazil
2022-02-02,Burkina Faso,Senegal,1.0,3.0,True,African Cup of Nations,Yaoundé,Cameroon
2022-02-02,United States,Honduras,3.0,0.0,False,FIFA World Cup qualification,Saint Paul,United States
2022-02-02,El Salvador,Canada,0.0,2.0,False,FIFA World Cup qualification,San Salvador,El Salvador
2022-02-02,Mexico,Panama,1.0,0.0,False,FIFA World Cup qualification,Mexico City,Mexico
2022-02-03,Cameroon,Egypt,0.0,0.0,False,African Cup of Nations,Yaoundé,Cameroon
2022-02-06,Senegal,Egypt,0.0,0.0,True,African Cup of Nations,Yaoundé,Cameroon
2022-03-18,Papua New Guinea,New Zealand,0.0,1.0,True,FIFA World Cup qualification,Doha,Qatar
2022-03-18,Iraq,Zambia,3.0,1.0,False,Friendly,Baghdad,Iraq
2022-03-21,New Zealand,Fiji,4.0,0.0,True,FIFA World Cup qualification,Doha,Qatar
2022-03-23,Guadeloupe,Cabo Verde,0.0,2.0,True,Friendly,Orléans,France
2022-03-24,Mexico,United States,0.0,0.0,False,FIFA World Cup qualification,Mexico City,Mexico
2022-03-24,Panama,Honduras,1.0,1.0,False,FIFA World Cup qualification,Panama City,Panama
2022-03-24,Costa Rica,Canada,1.0,0.0,False,FIFA World Cup qualification,San José,Costa Rica
2022-03-24,Iraq,United Arab Emirates,1.0,0.0,True,FIFA World Cup qualification,Riyadh,Saudi Arabia
2022-03-24,Korea Republic,Iran,2.0,0.0,False,FIFA World Cup qualification,Seoul,South Korea
2022-03-24,China PR,Saudi Arabia,1.0,1.0,True,FIFA World Cup qualification,Sharjah,United Arab Emirates
2022-03-24,Australia,Japan,0.0,2.0,False,FIFA World Cup qualification,Sydney,Australia
2022-03-24,New Zealand,New Caledonia,7.0,1.0,True,FIFA World Cup qualification,Doha,Qatar
2022-03-24,Colombia,Bolivia,3.0,0.0,False,FIFA World Cup qualification,Barranquilla,Colombia
2022-03-24,Brazil,Chile,4.0,0.0,False,FIFA World Cup qualification,Rio de Janeiro,Brazil
2022-03-24,Paraguay,Ecuador,3.0,1.0,False,FIFA World Cup qualification,Ciudad del Este,Paraguay
2022-03-24,Uruguay,Peru,1.0,0.0,False,FIFA World Cup qualification,Montevideo,Uruguay
2022-03-24,Portugal,Türkiye,3.0,1.0,False,FIFA World Cup qualification,Porto,Portugal
2022-03-24,Sweden,Czechia,1.0,0.0,False,FIFA World Cup qualification,Stockholm,Sweden
2022-03-24,Wales,Austria,2.0,1.0,False,FIFA World Cup qualification,Cardiff,Wales
2022-03-24,Scotland,Poland,1.0,1.0,False,Friendly,Glasgow,Scotland
2022-03-25,Cameroon,Algeria,0.0,1.0,False,FIFA World Cup qualification,Douala,Cameroon
2022-03-25,Congo DR,Morocco,1.0,1.0,False,FIFA World Cup qualification,Kinshasa,DR Congo
2022-03-25,Egypt,Senegal,1.0,0.0,False,FIFA World Cup qualification,Cairo,Egypt
2022-03-25,Ghana,Nigeria,0.0,0.0,False,FIFA World Cup qualification,Kumasi,Ghana
2022-03-25,Mali,Tunisia,0.0,1.0,False,FIFA World Cup qualification,Bamako,Mali
2022-03-25,Argentina,Venezuela,3.0,0.0,False,FIFA World Cup qualification,Buenos Aires,Argentina
2022-03-25,Bosnia and Herzegovina,Georgia,0.0,1.0,False,Friendly,Zenica,Bosnia and Herzegovina
2022-03-25,Cabo Verde,Liechtenstein,6.0,0.0,True,Friendly,San Pedro del Pinatar,Spain
2022-03-25,France,Côte d'Ivoire,2.0,1.0,False,Friendly,Marseille,France
2022-03-25,Norway,Slovakia,2.0,0.0,False,Friendly,Oslo,Norway
2022-03-25,South Africa,Guinea,0.0,0.0,True,Friendly,Kortrijk,Belgium
2022-03-25,Uzbekistan,Kyrgyzstan,3.0,1.0,False,Navruz Cup,Namangan,Uzbekistan
2022-03-26,Croatia,Slovenia,1.0,1.0,True,Friendly,Al Rayyan,Qatar
2022-03-26,England,Switzerland,2.0,1.0,False,Friendly,London,England
2022-03-26,Germany,Israel,2.0,0.0,False,Friendly,Sinsheim,Germany
2022-03-26,Netherlands,Denmark,4.0,2.0,False,Friendly,Amsterdam,Netherlands
2022-03-26,Qatar,Bulgaria,2.0,1.0,False,Friendly,Al Rayyan,Qatar
2022-03-26,Ireland,Belgium,2.0,2.0,False,Friendly,Dublin,Republic of Ireland
2022-03-26,Spain,Albania,2.0,1.0,False,Friendly,Barcelona,Spain
2022-03-27,Canada,Jamaica,4.0,0.0,False,FIFA World Cup qualification,Toronto,Canada
2022-03-27,Honduras,Mexico,0.0,1.0,False,FIFA World Cup qualification,San Pedro Sula,Honduras
2022-03-27,United States,Panama,5.0,1.0,False,FIFA World Cup qualification,Orlando,United States
2022-03-27,New Zealand,Tahiti,1.0,0.0,True,FIFA World Cup qualification,Doha,Qatar
2022-03-27,Guatemala,Haiti,2.0,1.0,True,Friendly,Fort Lauderdale,United States
2022-03-28,Cabo Verde,San Marino,2.0,0.0,True,Friendly,San Pedro del Pinatar,Spain
2022-03-29,Algeria,Cameroon,1.0,2.0,False,FIFA World Cup qualification,Blida,Algeria
2022-03-29,Morocco,Congo DR,4.0,1.0,False,FIFA World Cup qualification,Casablanca,Morocco
2022-03-29,Nigeria,Ghana,1.0,1.0,False,FIFA World Cup qualification,Abuja,Nigeria
2022-03-29,Senegal,Egypt,1.0,0.0,False,FIFA World Cup qualification,Diamniadio,Senegal
2022-03-29,Tunisia,Mali,0.0,0.0,False,FIFA World Cup qualification,Tunis,Tunisia
2022-03-29,Iran,Lebanon,2.0,0.0,False,FIFA World Cup qualification,Mashhad,Iran
2022-03-29,Syria,Iraq,1.0,1.0,True,FIFA World Cup qualification,Dubai,United Arab Emirates
2022-03-29,United Arab Emirates,Korea Republic,1.0,0.0,False,FIFA World Cup qualification,Dubai,United Arab Emirates
2022-03-29,Japan,Vietnam,1.0,1.0,False,FIFA World Cup qualification,Saitama,Japan
2022-03-29,Saudi Arabia,Australia,1.0,0.0,False,FIFA World Cup qualification,Jeddah,Saudi Arabia
2022-03-29,Ecuador,Argentina,1.0,1.0,False,FIFA World Cup qualification,Guayaquil,Ecuador
2022-03-29,Peru,Paraguay,2.0,0.0,False,FIFA World Cup qualification,Lima,Peru
2022-03-29,Bolivia,Brazil,0.0,4.0,False,FIFA World Cup qualification,La Paz,Bolivia
2022-03-29,Venezuela,Colombia,0.0,1.0,False,FIFA World Cup qualification,Guayana,Venezuela
2022-03-29,Chile,Uruguay,0.0,2.0,False,FIFA World Cup qualification,Santiago,Chile
2022-03-29,Poland,Sweden,2.0,0.0,False,FIFA World Cup qualification,Chorzów,Poland
2022-03-29,Portugal,North Macedonia,2.0,0.0,False,FIFA World Cup qualification,Porto,Portugal
2022-03-29,Austria,Scotland,2.0,2.0,False,Friendly,Vienna,Austria
2022-03-29,Belgium,Burkina Faso,3.0,0.0,False,Friendly,Anderlecht,Belgium
2022-03-29,Bosnia and Herzegovina,Luxembourg,1.0,0.0,False,Friendly,Zenica,Bosnia and Herzegovina
2022-03-29,Croatia,Bulgaria,2.0,1.0,True,Friendly,Al Rayyan,Qatar
2022-03-29,England,Côte d'Ivoire,3.0,0.0,False,Friendly,London,England
2022-03-29,France,South Africa,5.0,0.0,True,Friendly,Villeneuve D'Ascq,Algeria
2022-03-29,Netherlands,Germany,1.0,1.0,False,Friendly,Amsterdam,Netherlands
2022-03-29,Norway,Armenia,9.0,0.0,False,Friendly,Oslo,Norway
2022-03-29,Qatar,Slovenia,0.0,0.0,False,Friendly,Al Rayyan,Qatar
2022-03-29,Spain,Iceland,5.0,0.0,False,Friendly,La Coruña,Spain
2022-03-29,Switzerland,Kosovo,1.0,1.0,False,Friendly,Zürich,Switzerland
2022-03-29,Türkiye,Italy,2.0,3.0,False,Friendly,Konya,Turkey
2022-03-29,Wales,Czechia,1.0,1.0,False,Friendly,Cardiff,Wales
2022-03-29,Uzbekistan,Uganda,4.0,2.0,False,Navruz Cup,Namangan,Uzbekistan
2022-03-30,Mexico,El Salvador,2.0,0.0,False,FIFA World Cup qualification,Mexico City,Mexico
2022-03-30,Costa Rica,United States,2.0,0.0,False,FIFA World Cup qualification,San José,Costa Rica
2022-03-30,Panama,Canada,1.0,0.0,False,FIFA World Cup qualification,Panama City,Panama
2022-03-30,Solomon Islands,New Zealand,0.0,5.0,True,FIFA World Cup qualification,Doha,Qatar
2022-04-27,Mexico,Guatemala,0.0,0.0,True,Friendly,Orlando,United States
2022-05-28,India,Jordan,0.0,2.0,True,Friendly,Doha,Qatar
2022-05-28,Mexico,Nigeria,2.0,1.0,True,Friendly,Arlington,United States
2022-06-01,Italy,Argentina,0.0,3.0,True,CONMEBOL–UEFA Cup of Champions,Paris,France
2022-06-01,Scotland,Ukraine,1.0,3.0,False,FIFA World Cup qualification,Glasgow,Scotland
2022-06-01,Ghana,Madagascar,3.0,0.0,False,African Cup of Nations qualification,Cape Coast,Ghana
2022-06-01,Australia,Jordan,2.0,1.0,True,Friendly,Al Wakrah,Qatar
2022-06-01,United States,Morocco,3.0,0.0,False,Friendly,Cincinnati,United States
2022-06-02,Tunisia,Equatorial Guinea,4.0,0.0,False,African Cup of Nations qualification,Radès,Tunisia
2022-06-02,Panama,Costa Rica,2.0,0.0,False,CONCACAF Nations League,Panama City,Panama
2022-06-02,Czechia,Switzerland,2.0,1.0,False,UEFA Nations League,Prague,Czech Republic
2022-06-02,Spain,Portugal,1.0,1.0,False,UEFA Nations League,Seville,Spain
2022-06-02,Serbia,Norway,0.0,1.0,False,UEFA Nations League,Belgrade,Serbia
2022-06-02,Slovenia,Sweden,0.0,2.0,False,UEFA Nations League,Ljubljana,Slovenia
2022-06-02,Ecuador,Nigeria,1.0,0.0,True,Friendly,Harrison,United States
2022-06-02,Japan,Paraguay,4.0,1.0,False,Friendly,Sapporo,Japan
2022-06-02,Korea Republic,Brazil,1.0,5.0,False,Friendly,Seoul,South Korea
2022-06-02,Mexico,Uruguay,0.0,3.0,True,Friendly,Glendale,United States
2022-06-03,Burkina Faso,Cabo Verde,2.0,0.0,True,African Cup of Nations qualification,Marrakech,Morocco
2022-06-03,Côte d'Ivoire,Zambia,3.0,1.0,False,African Cup of Nations qualification,Yamoussoukro,Ivory Coast
2022-06-03,Curaçao,Honduras,0.0,1.0,False,CONCACAF Nations League,Willemstad,Curaçao
2022-06-03,Croatia,Austria,0.0,3.0,False,UEFA Nations League,Osijek,Croatia
2022-06-03,France,Denmark,1.0,2.0,False,UEFA Nations League,Paris,France
2022-06-03,Belgium,Netherlands,1.0,4.0,False,UEFA Nations League,Brussels,Belgium
2022-06-04,Algeria,Uganda,2.0,0.0,False,African Cup of Nations qualification,Algiers,Algeria
2022-06-04,Congo DR,Gabon,0.0,1.0,False,African Cup of Nations qualification,Kinshasa,DR Congo
2022-06-04,Senegal,Benin,3.0,1.0,False,African Cup of Nations qualification,Diamniadio,Senegal
2022-06-04,Bermuda,Haiti,0.0,0.0,False,CONCACAF Nations League,Devonshire Parish,Bermuda
2022-06-04,Hungary,England,1.0,0.0,False,UEFA Nations League,Budapest,Hungary
2022-06-04,Italy,Germany,1.0,1.0,False,UEFA Nations League,Bologna,Italy
2022-06-04,Finland,Bosnia and Herzegovina,1.0,1.0,False,UEFA Nations League,Helsinki,Finland
2022-06-04,Türkiye,Faroe Islands,4.0,0.0,False,UEFA Nations League,Istanbul,Turkey
2022-06-05,Egypt,Guinea,1.0,0.0,False,African Cup of Nations qualification,Cairo,Egypt
2022-06-05,Central African Republic,Ghana,1.0,1.0,True,African Cup of Nations qualification,Luanda,Angola
2022-06-05,Botswana,Tunisia,0.0,0.0,False,African Cup of Nations qualification,Francistown,Botswana
2022-06-05,Portugal,Switzerland,4.0,0.0,False,UEFA Nations League,Lisbon,Portugal
2022-06-05,Czechia,Spain,2.0,2.0,False,UEFA Nations League,Prague,Czech Republic
2022-06-05,Sweden,Norway,1.0,2.0,False,UEFA Nations League,Stockholm,Sweden
2022-06-05,Argentina,Estonia,5.0,0.0,True,Friendly,Pamplona,Spain
2022-06-05,Mexico,Ecuador,0.0,0.0,True,Friendly,Chicago,United States
2022-06-05,Peru,New Zealand,1.0,0.0,True,Friendly,Barcelona,Spain
2022-06-05,Saudi Arabia,Colombia,0.0,1.0,True,Friendly,Murcia,Spain
2022-06-05,United States,Uruguay,0.0,0.0,False,Friendly,Kansas City,United States
2022-06-06,Honduras,Curaçao,1.0,2.0,False,CONCACAF Nations League,San Pedro Sula,Honduras
2022-06-06,Austria,Denmark,1.0,2.0,False,UEFA Nations League,Vienna,Austria
2022-06-06,Croatia,France,1.0,1.0,False,UEFA Nations League,Split,Croatia
2022-06-06,Korea Republic,Chile,2.0,0.0,False,Friendly,Daejeon,South Korea
2022-06-06,Japan,Brazil,0.0,1.0,False,Friendly,Tokyo,Japan
2022-06-07,Cabo Verde,Togo,2.0,0.0,True,African Cup of Nations qualification,Marrakech,Morocco
2022-06-07,Senegal,Rwanda,1.0,0.0,False,African Cup of Nations qualification,Diamniadio,Senegal
2022-06-07,Haiti,Montserrat,3.0,2.0,True,CONCACAF Nations League,Santo Domingo,Dominican Republic
2022-06-07,Germany,England,1.0,1.0,False,UEFA Nations League,Munich,Germany
2022-06-07,Bosnia and Herzegovina,Romania,1.0,0.0,False,UEFA Nations League,Zenica,Bosnia and Herzegovina
2022-06-07,Lithuania,Türkiye,0.0,6.0,False,UEFA Nations League,Vilnius,Lithuania
2022-06-07,United Arab Emirates,Australia,1.0,2.0,True,FIFA World Cup qualification,Al Rayyan,Qatar
2022-06-08,Jordan,Nepal,2.0,0.0,True,AFC Asian Cup qualification,Kuwait City,Kuwait
2022-06-08,Uzbekistan,Sri Lanka,3.0,0.0,False,AFC Asian Cup qualification,Namangan,Uzbekistan
2022-06-08,Tanzania,Algeria,0.0,2.0,False,African Cup of Nations qualification,Dar es Salaam,Tanzania
2022-06-08,Sudan,Congo DR,2.0,1.0,False,African Cup of Nations qualification,Omdurman,Sudan
2022-06-08,Wales,Netherlands,1.0,2.0,False,UEFA Nations League,Cardiff,Wales
2022-06-08,Belgium,Poland,6.0,1.0,False,UEFA Nations League,Brussels,Belgium
2022-06-08,Scotland,Armenia,2.0,0.0,False,UEFA Nations League,Glasgow,Scotland
2022-06-09,Ethiopia,Egypt,2.0,0.0,True,African Cup of Nations qualification,Lilongwe,Malawi
2022-06-09,Lesotho,Côte d'Ivoire,0.0,0.0,True,African Cup of Nations qualification,Soweto,South Africa
2022-06-09,Morocco,South Africa,2.0,1.0,False,African Cup of Nations qualification,Rabat,Morocco
2022-06-09,Panama,Martinique,5.0,0.0,False,CONCACAF Nations League,Panama City,Panama
2022-06-09,Canada,Curaçao,4.0,0.0,False,CONCACAF Nations League,Vancouver,Canada
2022-06-09,Portugal,Czechia,2.0,0.0,False,UEFA Nations League,Lisbon,Portugal
2022-06-09,Switzerland,Spain,0.0,1.0,False,UEFA Nations League,Geneva,Switzerland
2022-06-09,Norway,Slovenia,0.0,0.0,False,UEFA Nations League,Oslo,Norway
2022-06-09,Sweden,Serbia,0.0,1.0,False,UEFA Nations League,Stockholm,Sweden
2022-06-09,New Zealand,Oman,0.0,0.0,True,Friendly,Al Rayyan,Qatar
2022-06-09,Saudi Arabia,Venezuela,0.0,1.0,True,Friendly,Murcia,Spain
2022-06-10,United States,Grenada,5.0,0.0,False,CONCACAF Nations League,Austin,United States
2022-06-10,Austria,France,1.0,1.0,False,UEFA Nations League,Vienna,Austria
2022-06-10,Denmark,Croatia,0.0,1.0,False,UEFA Nations League,Copenhagen,Denmark
2022-06-10,Korea Republic,Paraguay,2.0,2.0,False,Friendly,Suwon,South Korea
2022-06-10,Chile,Tunisia,0.0,2.0,True,Kirin Cup,Kobe,Japan
2022-06-10,Japan,Ghana,4.0,1.0,False,Kirin Cup,Kobe,Japan
2022-06-11,Indonesia,Jordan,0.0,1.0,True,AFC Asian Cup qualification,Kuwait City,Kuwait
2022-06-11,Uzbekistan,Maldives,4.0,0.0,False,AFC Asian Cup qualification,Namangan,Uzbekistan
2022-06-11,Mexico,Suriname,3.0,0.0,False,CONCACAF Nations League,Torreón,Mexico
2022-06-11,Guyana,Haiti,2.0,6.0,False,CONCACAF Nations League,Leonora,Guyana
2022-06-11,England,Italy,0.0,0.0,False,UEFA Nations League,Wolverhampton,England
2022-06-11,Hungary,Germany,1.0,1.0,False,UEFA Nations League,Budapest,Hungary
2022-06-11,Wales,Belgium,1.0,1.0,False,UEFA Nations League,Cardiff,Wales
2022-06-11,Netherlands,Poland,2.0,2.0,False,UEFA Nations League,Rotterdam,Netherlands
2022-06-11,Ireland,Scotland,3.0,0.0,False,UEFA Nations League,Dublin,Republic of Ireland
2022-06-11,Montenegro,Bosnia and Herzegovina,1.0,1.0,False,UEFA Nations League,Podgorica,Montenegro
2022-06-11,Luxembourg,Türkiye,0.0,2.0,False,UEFA Nations League,Luxembourg,Luxembourg
2022-06-11,Ecuador,Cabo Verde,1.0,0.0,True,Friendly,Fort Lauderdale,United States
2022-06-11,Uruguay,Panama,5.0,0.0,False,Friendly,Montevideo,Uruguay
2022-06-12,Martinique,Panama,0.0,0.0,False,CONCACAF Nations League,Fort-de-France,Martinique
2022-06-12,Spain,Czechia,2.0,0.0,False,UEFA Nations League,Málaga,Spain
2022-06-12,Switzerland,Portugal,1.0,0.0,False,UEFA Nations League,Geneva,Switzerland
2022-06-12,Norway,Sweden,3.0,2.0,False,UEFA Nations League,Oslo,Norway
2022-06-12,Iran,Algeria,1.0,2.0,True,Friendly,Doha,Qatar
2022-06-13,Australia,Peru,0.0,0.0,True,FIFA World Cup qualification,Al Rayyan,Qatar
2022-06-13,Morocco,Liberia,2.0,0.0,False,African Cup of Nations qualification,Casablanca,Morocco
2022-06-13,Honduras,Canada,2.0,1.0,False,CONCACAF Nations League,San Pedro Sula,Honduras
2022-06-13,Denmark,Austria,2.0,0.0,False,UEFA Nations League,Copenhagen,Denmark
2022-06-13,France,Croatia,0.0,1.0,False,UEFA Nations League,Paris,France
2022-06-14,Costa Rica,New Zealand,1.0,0.0,True,FIFA World Cup qualification,Al Rayyan,Qatar
2022-06-14,Kuwait,Jordan,0.0,3.0,False,AFC Asian Cup qualification,Kuwait City,Kuwait
2022-06-14,Uzbekistan,Thailand,2.0,0.0,False,AFC Asian Cup qualification,Namangan,Uzbekistan
2022-06-14,Jamaica,Mexico,1.0,1.0,False,CONCACAF Nations League,Kingston,Jamaica
2022-06-14,El Salvador,United States,1.0,1.0,False,CONCACAF Nations League,San Salvador,El Salvador
2022-06-14,Haiti,Guyana,6.0,0.0,True,CONCACAF Nations League,Santo Domingo,Dominican Republic
2022-06-14,England,Hungary,0.0,4.0,False,UEFA Nations League,Wolverhampton,England
2022-06-14,Germany,Italy,5.0,2.0,False,UEFA Nations League,Mönchengladbach,Germany
2022-06-14,Netherlands,Wales,3.0,2.0,False,UEFA Nations League,Rotterdam,Netherlands
2022-06-14,Poland,Belgium,0.0,1.0,False,UEFA Nations League,Warsaw,Poland
2022-06-14,Armenia,Scotland,1.0,4.0,False,UEFA Nations League,Yerevan,Armenia
2022-06-14,Bosnia and Herzegovina,Finland,3.0,2.0,False,UEFA Nations League,Zenica,Bosnia and Herzegovina
2022-06-14,Türkiye,Lithuania,2.0,0.0,False,UEFA Nations League,İzmir,Turkey
2022-06-14,Chile,Ghana,0.0,0.0,True,Kirin Cup,Suita,Japan
2022-06-14,Japan,Tunisia,0.0,3.0,False,Kirin Cup,Suita,Japan
2022-06-14,Korea Republic,Egypt,4.0,1.0,False,Friendly,Seoul,South Korea
2022-07-13,South Africa,Mozambique,0.0,0.0,False,COSAFA Cup,KwaMashu,South Africa
2022-07-13,Senegal,Eswatini,1.0,1.0,True,COSAFA Cup,KwaMashu,South Africa
2022-07-15,South Africa,Madagascar,2.0,1.0,False,COSAFA Cup,Sugar Ray Xulu Stadium,South Africa
2022-07-15,Zambia,Senegal,4.0,3.0,True,COSAFA Cup,Durban,South Africa
2022-07-17,South Africa,Botswana,2.0,1.0,False,COSAFA Cup,Sugar Ray Xulu Stadium,South Africa
2022-07-17,Mozambique,Senegal,1.0,1.0,True,COSAFA Cup,Moses Mabhida Stadium,South Africa
2022-07-19,Japan,Hong Kong,6.0,0.0,False,EAFF Championship,Kashima,Japan
2022-07-20,China PR,Korea Republic,0.0,3.0,True,EAFF Championship,Toyota,Japan
2022-07-24,Korea Republic,Hong Kong,3.0,0.0,True,EAFF Championship,Toyota,Japan
2022-07-24,Japan,China PR,0.0,0.0,False,EAFF Championship,Toyota,Japan
2022-07-27,Japan,Korea Republic,3.0,0.0,False,EAFF Championship,Toyota,Japan
2022-08-31,Mexico,Paraguay,0.0,1.0,True,Friendly,Atlanta,United States
2022-09-21,Scotland,Ukraine,3.0,0.0,False,UEFA Nations League,Glasgow,Scotland
2022-09-22,Australia,New Zealand,1.0,0.0,False,Friendly,Brisbane,Australia
2022-09-22,Comoros,Tunisia,0.0,1.0,True,Friendly,Orléans,France
2022-09-22,Croatia,Denmark,2.0,1.0,False,UEFA Nations League,Zagreb,Croatia
2022-09-22,France,Austria,2.0,0.0,False,UEFA Nations League,Paris,France
2022-09-22,Belgium,Wales,2.0,1.0,False,UEFA Nations League,Brussels,Belgium
2022-09-22,Poland,Netherlands,0.0,2.0,False,UEFA Nations League,Warsaw,Poland
2022-09-22,Türkiye,Luxembourg,3.0,3.0,False,UEFA Nations League,Istanbul,Turkey
2022-09-23,Japan,United States,2.0,0.0,True,Kirin Challenge Cup,Düsseldorf,Germany
2022-09-23,Algeria,Guinea,1.0,0.0,False,Friendly,Oran,Algeria
2022-09-23,Argentina,Honduras,3.0,0.0,True,Friendly,Miami Gardens,United States
2022-09-23,Bahrain,Cabo Verde,1.0,2.0,False,Friendly,Riffa,Bahrain
2022-09-23,Brazil,Ghana,3.0,0.0,True,Friendly,Le Havre,France
2022-09-23,Cameroon,Uzbekistan,0.0,2.0,True,Friendly,Goyang,South Korea
2022-09-23,Canada,Qatar,2.0,0.0,True,Friendly,Vienna,Austria
2022-09-23,Congo DR,Burkina Faso,0.0,1.0,True,Friendly,Casablanca,Morocco
2022-09-23,Egypt,Niger,3.0,0.0,False,Friendly,Alexandria,Egypt
2022-09-23,Iran,Uruguay,1.0,0.0,True,Friendly,Sankt Pölten,Austria
2022-09-23,Iraq,Oman,1.0,1.0,True,Jordan International Tournament,Amman,Jordan
2022-09-23,Jordan,Syria,2.0,0.0,False,Jordan International Tournament,Amman,Jordan
2022-09-23,Korea Republic,Costa Rica,2.0,2.0,False,Friendly,Goyang,South Korea
2022-09-23,Morocco,Chile,2.0,0.0,True,Friendly,Barcelona,Spain
2022-09-23,Paraguay,United Arab Emirates,1.0,0.0,True,Friendly,Wiener Neustadt,Austria
2022-09-23,Saudi Arabia,Ecuador,0.0,0.0,True,Friendly,Murcia,Spain
2022-09-23,Germany,Hungary,0.0,1.0,False,UEFA Nations League,Leipzig,Germany
2022-09-23,Italy,England,1.0,0.0,False,UEFA Nations League,Milan,Italy
2022-09-23,Bosnia and Herzegovina,Montenegro,1.0,0.0,False,UEFA Nations League,Zenica,Bosnia and Herzegovina
2022-09-24,Bolivia,Senegal,0.0,2.0,True,Friendly,Orléans,France
2022-09-24,Colombia,Guatemala,4.0,1.0,True,Friendly,Harrison,United States
2022-09-24,Indonesia,Curaçao,3.0,2.0,False,Friendly,Bandung,Indonesia
2022-09-24,Côte d'Ivoire,Togo,2.0,1.0,True,Friendly,Rouen,France
2022-09-24,Mexico,Peru,1.0,0.0,True,Friendly,Pasadena,United States
2022-09-24,South Africa,Sierra Leone,4.0,0.0,False,Friendly,Johannesburg,South Africa
2022-09-24,Czechia,Portugal,0.0,4.0,False,UEFA Nations League,Prague,Czech Republic
2022-09-24,Spain,Switzerland,1.0,2.0,False,UEFA Nations League,Zaragoza,Spain
2022-09-24,Scotland,Ireland,2.0,1.0,False,UEFA Nations League,Glasgow,Scotland
2022-09-24,Slovenia,Norway,2.0,1.0,False,UEFA Nations League,Ljubljana,Slovenia
2022-09-24,Serbia,Sweden,4.0,1.0,False,UEFA Nations League,Belgrade,Serbia
2022-09-25,New Zealand,Australia,0.0,2.0,False,Friendly,Auckland,New Zealand
2022-09-25,Austria,Croatia,1.0,3.0,False,UEFA Nations League,Vienna,Austria
2022-09-25,Denmark,France,2.0,0.0,False,UEFA Nations League,Copenhagen,Denmark
2022-09-25,Netherlands,Belgium,1.0,0.0,False,UEFA Nations League,Amsterdam,Netherlands
2022-09-25,Faroe Islands,Türkiye,2.0,1.0,False,UEFA Nations League,Tórshavn,Faroe Islands
2022-09-26,Iraq,Syria,1.0,0.0,True,Jordan International Tournament,Amman,Jordan
2022-09-26,Jordan,Oman,1.0,0.0,False,Jordan International Tournament,Amman,Jordan
2022-09-26,England,Germany,3.0,3.0,False,UEFA Nations League,London,England
2022-09-26,Romania,Bosnia and Herzegovina,4.0,1.0,False,UEFA Nations League,Bucharest,Romania
2022-09-27,Algeria,Nigeria,2.0,1.0,False,Friendly,Oran,Algeria
2022-09-27,Argentina,Jamaica,3.0,0.0,True,Friendly,Harrison,United States
2022-09-27,Bahrain,Panama,0.0,2.0,False,Friendly,Riffa,Bahrain
2022-09-27,Brazil,Tunisia,5.0,1.0,True,Friendly,Paris,France
2022-09-27,Canada,Uruguay,0.0,2.0,True,Friendly,Bratislava,Slovakia
2022-09-27,Congo DR,Sierra Leone,3.0,0.0,True,Friendly,Casablanca,Morocco
2022-09-27,Costa Rica,Uzbekistan,2.0,1.0,True,Friendly,Suwon,South Korea
2022-09-27,Ecuador,Japan,0.0,0.0,True,Kirin Challenge Cup,Düsseldorf,Germany
2022-09-27,Egypt,Liberia,3.0,0.0,False,Friendly,Alexandria,Egypt
2022-09-27,Ghana,Nicaragua,1.0,0.0,True,Friendly,Lorca,Spain
2022-09-27,Indonesia,Curaçao,2.0,1.0,False,Friendly,Cibinong,Indonesia
2022-09-27,Iran,Senegal,1.0,1.0,True,Friendly,Maria Enzersdorf,Austria
2022-09-27,Côte d'Ivoire,Guinea,3.0,1.0,True,Friendly,Amiens,France
2022-09-27,Korea Republic,Cameroon,1.0,0.0,False,Friendly,Seoul,South Korea
2022-09-27,Mexico,Colombia,2.0,3.0,True,Friendly,Santa Clara,United States
2022-09-27,Paraguay,Morocco,0.0,0.0,True,Friendly,Seville,Spain
2022-09-27,Qatar,Chile,2.0,2.0,True,Friendly,Vienna,Austria
2022-09-27,Saudi Arabia,United States,0.0,0.0,True,Friendly,Murcia,Spain
2022-09-27,South Africa,Botswana,1.0,0.0,False,Friendly,Johannesburg,South Africa
2022-09-27,Portugal,Spain,0.0,1.0,False,UEFA Nations League,Braga,Portugal
2022-09-27,Switzerland,Czechia,2.0,1.0,False,UEFA Nations League,St. Gallen,Switzerland
2022-09-27,Ukraine,Scotland,0.0,0.0,True,UEFA Nations League,Kraków,Poland
2022-09-27,Norway,Serbia,0.0,2.0,False,UEFA Nations League,Oslo,Norway
2022-09-27,Sweden,Slovenia,1.0,1.0,False,UEFA Nations League,Stockholm,Sweden
2022-10-22,Saudi Arabia,North Macedonia,1.0,0.0,True,Friendly,Abu Dhabi,United Arab Emirates
2022-10-23,Qatar,Guatemala,2.0,0.0,True,Friendly,Málaga,Spain
2022-10-26,Saudi Arabia,Albania,1.0,1.0,True,Friendly,Abu Dhabi,United Arab Emirates
2022-10-27,Qatar,Honduras,1.0,0.0,True,Friendly,Marbella,Spain
2022-10-30,Saudi Arabia,Honduras,0.0,0.0,True,Friendly,Abu Dhabi,United Arab Emirates
2022-11-06,Saudi Arabia,Iceland,1.0,0.0,True,Friendly,Abu Dhabi,United Arab Emirates
2022-11-07,Qatar,Panama,2.0,1.0,True,Friendly,Marbella,Spain
2022-11-09,Albania,Qatar,0.0,1.0,True,Friendly,Marbella,Spain
2022-11-09,Mexico,Iraq,4.0,0.0,True,Friendly,Girona,Spain
2022-11-10,Iran,Nicaragua,1.0,0.0,False,Friendly,Tehran,Iran
2022-11-10,Saudi Arabia,Panama,1.0,1.0,True,Friendly,Abu Dhabi,United Arab Emirates
2022-11-11,Bahrain,Canada,2.0,2.0,False,Friendly,Isa Town,Bahrain
2022-11-11,Korea Republic,Iceland,1.0,0.0,False,Friendly,Hwaseong,South Korea
2022-11-12,Iraq,Ecuador,0.0,0.0,True,Friendly,Madrid,Spain
2022-11-13,Syria,Algeria,0.0,1.0,True,Friendly,Sharjah,United Arab Emirates
2022-11-15,Venezuela,Panama,2.0,2.0,True,Friendly,Al Hamriyah,United Arab Emirates
2022-11-16,Algeria,Mali,1.0,1.0,False,Friendly,Oran,Algeria
2022-11-16,Andorra,Austria,0.0,1.0,True,Friendly,Málaga,Spain
2022-11-16,Czechia,Faroe Islands,5.0,0.0,False,Friendly,Olomouc,Czech Republic
2022-11-16,Iran,Tunisia,0.0,2.0,True,Friendly,Doha,Qatar
2022-11-16,Côte d'Ivoire,Burundi,4.0,0.0,True,Friendly,Marrakech,Morocco
2022-11-16,Mexico,Sweden,1.0,2.0,True,Friendly,Girona,Spain
2022-11-16,Oman,Germany,0.0,1.0,False,Friendly,Muscat,Oman
2022-11-16,Peru,Paraguay,1.0,0.0,False,Friendly,Lima,Peru
2022-11-16,Saudi Arabia,Croatia,0.0,1.0,False,Friendly,Riyadh,Saudi Arabia
2022-11-16,Türkiye,Scotland,2.0,1.0,False,Friendly,Diyarbakir,Turkey
2022-11-16,United Arab Emirates,Argentina,0.0,5.0,False,Friendly,Abu Dhabi,United Arab Emirates
2022-11-16,Uzbekistan,Kazakhstan,2.0,0.0,False,Friendly,Tashkent,Uzbekistan
2022-11-17,Japan,Canada,1.0,2.0,True,Friendly,Dubai,United Arab Emirates
2022-11-17,Jordan,Spain,1.0,3.0,False,Friendly,Amman,Jordan
2022-11-17,Morocco,Georgia,3.0,0.0,True,Friendly,Sharjah,United Arab Emirates
2022-11-17,Portugal,Nigeria,4.0,0.0,False,Friendly,Lisbon,Portugal
2022-11-17,Ireland,Norway,1.0,2.0,False,Friendly,Dublin,Republic of Ireland
2022-11-17,South Africa,Mozambique,2.0,1.0,False,Friendly,Mbombela,South Africa
2022-11-17,Switzerland,Ghana,0.0,2.0,True,Friendly,Abu Dhabi,United Arab Emirates
2022-11-18,Cameroon,Panama,1.0,1.0,True,Friendly,Abu Dhabi,United Arab Emirates
2022-11-18,Egypt,Belgium,2.0,1.0,True,Friendly,Kuwait City,Kuwait
2022-11-19,Colombia,Paraguay,2.0,0.0,True,Friendly,Fort Lauderdale,United States
2022-11-19,Côte d'Ivoire,Burkina Faso,1.0,2.0,True,Friendly,Marrakech,Morocco
2022-11-19,Sweden,Algeria,2.0,0.0,False,Friendly,Malmö,Sweden
2022-11-19,Türkiye,Czechia,2.0,1.0,False,Friendly,Gaziantep,Turkey
2022-11-20,Austria,Italy,2.0,0.0,False,Friendly,Vienna,Austria
2022-11-20,Norway,Finland,1.0,1.0,False,Friendly,Oslo,Norway
2022-11-20,South Africa,Angola,1.0,1.0,False,Friendly,Mbombela,South Africa
2022-11-20,Uzbekistan,Russia,0.0,0.0,False,Friendly,Tashkent,Uzbekistan
2022-11-20,Qatar,Ecuador,0.0,2.0,False,FIFA World Cup,Al Khor,Qatar
2022-11-21,Senegal,Netherlands,0.0,2.0,True,FIFA World Cup,Doha,Qatar
2022-11-21,England,Iran,6.0,2.0,True,FIFA World Cup,Al Rayyan,Qatar
2022-11-21,United States,Wales,1.0,1.0,True,FIFA World Cup,Al Rayyan,Qatar
2022-11-22,Argentina,Saudi Arabia,1.0,2.0,True,FIFA World Cup,Lusail,Qatar
2022-11-22,Mexico,Poland,0.0,0.0,True,FIFA World Cup,Doha,Qatar
2022-11-22,Denmark,Tunisia,0.0,0.0,True,FIFA World Cup,Al Rayyan,Qatar
2022-11-22,France,Australia,4.0,1.0,True,FIFA World Cup,Al Wakrah,Qatar
2022-11-23,Germany,Japan,1.0,2.0,True,FIFA World Cup,Al Rayyan,Qatar
2022-11-23,Spain,Costa Rica,7.0,0.0,True,FIFA World Cup,Doha,Qatar
2022-11-23,Morocco,Croatia,0.0,0.0,True,FIFA World Cup,Al Khor,Qatar
2022-11-23,Belgium,Canada,1.0,0.0,True,FIFA World Cup,Al Rayyan,Qatar
2022-11-24,Switzerland,Cameroon,1.0,0.0,True,FIFA World Cup,Al Wakrah,Qatar
2022-11-24,Brazil,Serbia,2.0,0.0,True,FIFA World Cup,Lusail,Qatar
2022-11-24,Uruguay,Korea Republic,0.0,0.0,True,FIFA World Cup,Al Rayyan,Qatar
2022-11-24,Portugal,Ghana,3.0,2.0,True,FIFA World Cup,Doha,Qatar
2022-11-25,Qatar,Senegal,1.0,3.0,False,FIFA World Cup,Doha,Qatar
2022-11-25,Netherlands,Ecuador,1.0,1.0,True,FIFA World Cup,Al Rayyan,Qatar
2022-11-25,Wales,Iran,0.0,2.0,True,FIFA World Cup,Al Rayyan,Qatar
2022-11-25,England,United States,0.0,0.0,True,FIFA World Cup,Al Khor,Qatar
2022-11-26,Poland,Saudi Arabia,2.0,0.0,True,FIFA World Cup,Al Rayyan,Qatar
2022-11-26,Argentina,Mexico,2.0,0.0,True,FIFA World Cup,Lusail,Qatar
2022-11-26,Tunisia,Australia,0.0,1.0,True,FIFA World Cup,Al Wakrah,Qatar
2022-11-26,France,Denmark,2.0,1.0,True,FIFA World Cup,Doha,Qatar
2022-11-27,Japan,Costa Rica,0.0,1.0,True,FIFA World Cup,Al Rayyan,Qatar
2022-11-27,Spain,Germany,1.0,1.0,True,FIFA World Cup,Al Khor,Qatar
2022-11-27,Belgium,Morocco,0.0,2.0,True,FIFA World Cup,Doha,Qatar
2022-11-27,Croatia,Canada,4.0,1.0,True,FIFA World Cup,Al Rayyan,Qatar
2022-11-28,Brazil,Switzerland,1.0,0.0,True,FIFA World Cup,Doha,Qatar
2022-11-28,Korea Republic,Ghana,2.0,3.0,True,FIFA World Cup,Al Rayyan,Qatar
2022-11-28,Portugal,Uruguay,2.0,0.0,True,FIFA World Cup,Lusail,Qatar
2022-11-29,Ecuador,Senegal,1.0,2.0,True,FIFA World Cup,Al Rayyan,Qatar
2022-11-29,Qatar,Netherlands,0.0,2.0,False,FIFA World Cup,Al Khor,Qatar
2022-11-29,Wales,England,0.0,3.0,True,FIFA World Cup,Al Rayyan,Qatar
2022-11-29,Iran,United States,0.0,1.0,True,FIFA World Cup,Doha,Qatar
2022-11-30,Poland,Argentina,0.0,2.0,True,FIFA World Cup,Doha,Qatar
2022-11-30,Saudi Arabia,Mexico,1.0,2.0,True,FIFA World Cup,Lusail,Qatar
2022-11-30,Australia,Denmark,1.0,0.0,True,FIFA World Cup,Al Wakrah,Qatar
2022-11-30,Tunisia,France,1.0,0.0,True,FIFA World Cup,Al Rayyan,Qatar
2022-12-01,Japan,Spain,2.0,1.0,True,FIFA World Cup,Al Rayyan,Qatar
2022-12-01,Costa Rica,Germany,2.0,4.0,True,FIFA World Cup,Al Khor,Qatar
2022-12-01,Croatia,Belgium,0.0,0.0,True,FIFA World Cup,Al Rayyan,Qatar
2022-12-01,Canada,Morocco,1.0,2.0,True,FIFA World Cup,Doha,Qatar
2022-12-02,Serbia,Switzerland,2.0,3.0,True,FIFA World Cup,Doha,Qatar
2022-12-02,Cameroon,Brazil,1.0,0.0,True,FIFA World Cup,Lusail,Qatar
2022-12-02,Ghana,Uruguay,0.0,2.0,True,FIFA World Cup,Al Wakrah,Qatar
2022-12-02,Korea Republic,Portugal,2.0,1.0,True,FIFA World Cup,Al Rayyan,Qatar
2022-12-03,Netherlands,United States,3.0,1.0,True,FIFA World Cup,Al Rayyan,Qatar
2022-12-03,Argentina,Australia,2.0,1.0,True,FIFA World Cup,Al Rayyan,Qatar
2022-12-04,France,Poland,3.0,1.0,True,FIFA World Cup,Doha,Qatar
2022-12-04,England,Senegal,3.0,0.0,True,FIFA World Cup,Al Khor,Qatar
2022-12-05,Japan,Croatia,1.0,1.0,True,FIFA World Cup,Al Wakrah,Qatar
2022-12-05,Brazil,Korea Republic,4.0,1.0,True,FIFA World Cup,Doha,Qatar
2022-12-06,Morocco,Spain,0.0,0.0,True,FIFA World Cup,Al Rayyan,Qatar
2022-12-06,Portugal,Switzerland,6.0,1.0,True,FIFA World Cup,Lusail,Qatar
2022-12-09,Croatia,Brazil,1.0,1.0,True,FIFA World Cup,Al Rayyan,Qatar
2022-12-09,Netherlands,Argentina,2.0,2.0,True,FIFA World Cup,Lusail,Qatar
2022-12-10,Morocco,Portugal,1.0,0.0,True,FIFA World Cup,Doha,Qatar
2022-12-10,England,France,1.0,2.0,True,FIFA World Cup,Al Khor,Qatar
2022-12-13,Argentina,Croatia,3.0,0.0,True,FIFA World Cup,Lusail,Qatar
2022-12-14,France,Morocco,2.0,0.0,True,FIFA World Cup,Al Khor,Qatar
2022-12-17,Croatia,Morocco,2.0,1.0,True,FIFA World Cup,Al Rayyan,Qatar
2022-12-18,Argentina,France,3.0,3.0,True,FIFA World Cup,Lusail,Qatar
2022-12-30,Iraq,Kuwait,1.0,0.0,False,Friendly,Basra,Iraq
2023-01-06,Iraq,Oman,0.0,0.0,False,Gulf Cup,Basra,Iraq
2023-01-06,Yemen,Saudi Arabia,0.0,2.0,True,Gulf Cup,Basra,Iraq
2023-01-07,Kuwait,Qatar,0.0,2.0,True,Gulf Cup,Basra,Iraq
2023-01-09,Sweden,Finland,2.0,0.0,True,Friendly,Faro-Loulé,Portugal
2023-01-09,Iraq,Saudi Arabia,2.0,0.0,False,Gulf Cup,Basra,Iraq
2023-01-10,Qatar,Bahrain,1.0,2.0,True,Gulf Cup,Basra,Iraq
2023-01-12,Sweden,Iceland,2.0,1.0,True,Friendly,Faro-Loulé,Portugal
2023-01-12,Iraq,Yemen,5.0,0.0,False,Gulf Cup,Basra,Iraq
2023-01-12,Saudi Arabia,Oman,1.0,2.0,True,Gulf Cup,Basra,Iraq
2023-01-13,Qatar,United Arab Emirates,1.0,1.0,True,Gulf Cup,Basra,Iraq
2023-01-16,Iraq,Qatar,2.0,1.0,False,Gulf Cup,Basra,Iraq
2023-01-19,Iraq,Oman,3.0,2.0,False,Gulf Cup,Basra,Iraq
2023-01-25,United States,Serbia,1.0,2.0,False,Friendly,Los Angeles,United States
2023-01-28,United States,Colombia,0.0,0.0,False,Friendly,Carson,United States
2023-03-12,Guatemala,Panama,1.0,1.0,True,Friendly,San Jose,United States
2023-03-23,Argentina,Panama,2.0,0.0,False,Friendly,Buenos Aires,Argentina
2023-03-23,Iran,Russia,1.0,1.0,False,Friendly,Tehran,Iran
2023-03-23,New Zealand,China PR,0.0,0.0,False,Friendly,Auckland,New Zealand
2023-03-23,Ghana,Angola,1.0,0.0,False,African Cup of Nations qualification,Kumasi,Ghana
2023-03-23,Algeria,Niger,2.0,1.0,False,African Cup of Nations qualification,Algiers,Algeria
2023-03-23,Italy,England,1.0,2.0,False,UEFA Euro qualification,Napoli,Italy
2023-03-23,Portugal,Liechtenstein,4.0,0.0,False,UEFA Euro qualification,Lisbon,Portugal
2023-03-23,Bosnia and Herzegovina,Iceland,3.0,0.0,False,UEFA Euro qualification,Zenica,Bosnia and Herzegovina
2023-03-23,Suriname,Mexico,0.0,2.0,False,CONCACAF Nations League,Paramaribo,Suriname
2023-03-24,Australia,Ecuador,3.0,1.0,False,Friendly,Sydney,Australia
2023-03-24,Japan,Uruguay,1.0,1.0,False,Friendly,Tokyo,Japan
2023-03-24,Korea Republic,Colombia,2.0,2.0,False,Friendly,Ulsan,South Korea
2023-03-24,Saudi Arabia,Venezuela,1.0,2.0,False,Friendly,Jeddah,Saudi Arabia
2023-03-24,Uzbekistan,Bolivia,1.0,0.0,True,Friendly,Jeddah,Saudi Arabia
2023-03-24,Cabo Verde,Eswatini,0.0,0.0,False,African Cup of Nations qualification,Praia,Cape Verde
2023-03-24,Egypt,Malawi,2.0,0.0,False,African Cup of Nations qualification,Cairo,Egypt
2023-03-24,Côte d'Ivoire,Comoros,3.0,1.0,False,African Cup of Nations qualification,Bouaké,Ivory Coast
2023-03-24,Congo DR,Mauritania,3.0,1.0,True,African Cup of Nations qualification,Douala,Cameroon
2023-03-24,Tunisia,Libya,3.0,0.0,False,African Cup of Nations qualification,Radès,Tunisia
2023-03-24,South Africa,Liberia,2.0,2.0,False,African Cup of Nations qualification,Johannesburg,South Africa
2023-03-24,Senegal,Mozambique,5.0,1.0,False,African Cup of Nations qualification,Diamniadio,Senegal
2023-03-24,France,Netherlands,4.0,0.0,False,UEFA Euro qualification,Paris,France
2023-03-24,Czechia,Poland,3.0,1.0,False,UEFA Euro qualification,Prague,Czech Republic
2023-03-24,Austria,Azerbaijan,4.0,1.0,False,UEFA Euro qualification,Pasching,Austria
2023-03-24,Sweden,Belgium,0.0,3.0,False,UEFA Euro qualification,Stockholm,Sweden
2023-03-24,Grenada,United States,1.0,7.0,False,CONCACAF Nations League,St. George's,Grenada
2023-03-25,Germany,Peru,2.0,0.0,False,Friendly,Mainz,Germany
2023-03-25,Morocco,Brazil,2.0,1.0,False,Friendly,Tangier,Morocco
2023-03-25,Scotland,Cyprus,3.0,0.0,False,UEFA Euro qualification,Glasgow,Scotland
2023-03-25,Spain,Norway,3.0,0.0,False,UEFA Euro qualification,Málaga,Spain
2023-03-25,Croatia,Wales,1.0,1.0,False,UEFA Euro qualification,Split,Croatia
2023-03-25,Armenia,Türkiye,1.0,2.0,False,UEFA Euro qualification,Yerevan,Armenia
2023-03-25,Belarus,Switzerland,0.0,5.0,True,UEFA Euro qualification,Novi Sad,Serbia
2023-03-25,Curaçao,Canada,0.0,2.0,False,CONCACAF Nations League,Willemstad,Curaçao
2023-03-25,Montserrat,Haiti,0.0,4.0,False,CONCACAF Nations League,Lookout,Montserrat
2023-03-26,New Zealand,China PR,2.0,1.0,False,Friendly,Wellington,New Zealand
2023-03-26,Russia,Iraq,2.0,0.0,False,Friendly,Saint Petersburg,Russia
2023-03-26,England,Ukraine,2.0,0.0,False,UEFA Euro qualification,London,England
2023-03-26,Luxembourg,Portugal,0.0,6.0,False,UEFA Euro qualification,Luxembourg,Luxembourg
2023-03-26,Slovakia,Bosnia and Herzegovina,2.0,0.0,False,UEFA Euro qualification,Bratislava,Slovakia
2023-03-26,Mexico,Jamaica,2.0,2.0,False,CONCACAF Nations League,Mexico City,Mexico
2023-03-27,Chile,Paraguay,3.0,2.0,False,Friendly,Santiago,Chile
2023-03-27,Angola,Ghana,1.0,1.0,False,African Cup of Nations qualification,Luanda,Angola
2023-03-27,Niger,Algeria,0.0,1.0,True,African Cup of Nations qualification,Radès,Tunisia
2023-03-27,Ireland,France,0.0,1.0,False,UEFA Euro qualification,Dublin,Republic of Ireland
2023-03-27,Netherlands,Gibraltar,3.0,0.0,False,UEFA Euro qualification,Rotterdam,Netherlands
2023-03-27,Moldova,Czechia,0.0,0.0,False,UEFA Euro qualification,Chișinău,Moldova
2023-03-27,Austria,Estonia,2.0,1.0,False,UEFA Euro qualification,Pasching,Austria
2023-03-27,Sweden,Azerbaijan,5.0,0.0,False,UEFA Euro qualification,Stockholm,Sweden
2023-03-27,United States,El Salvador,1.0,0.0,False,CONCACAF Nations League,Orlando,United States
2023-03-28,Argentina,Curaçao,7.0,0.0,False,Friendly,Santiago del Estero,Argentina
2023-03-28,Australia,Ecuador,1.0,2.0,False,Friendly,Melbourne,Australia
2023-03-28,Germany,Belgium,2.0,3.0,False,Friendly,Cologne,Germany
2023-03-28,Iran,Kenya,2.0,1.0,False,Friendly,Tehran,Iran
2023-03-28,Japan,Colombia,1.0,2.0,False,Friendly,Osaka,Japan
2023-03-28,Jordan,Philippines,4.0,0.0,True,Friendly,Al Wakrah,Qatar
2023-03-28,Korea Republic,Uruguay,1.0,2.0,False,Friendly,Seoul,South Korea
2023-03-28,Morocco,Peru,0.0,0.0,True,Friendly,Madrid,Spain
2023-03-28,Saudi Arabia,Bolivia,1.0,2.0,False,Friendly,Jeddah,Saudi Arabia
2023-03-28,Uzbekistan,Venezuela,1.0,1.0,True,Friendly,Jeddah,Saudi Arabia
2023-03-28,Eswatini,Cabo Verde,0.0,1.0,True,African Cup of Nations qualification,Mbombela,South Africa
2023-03-28,Malawi,Egypt,0.0,4.0,False,African Cup of Nations qualification,Lilongwe,Malawi
2023-03-28,Comoros,Côte d'Ivoire,0.0,2.0,False,African Cup of Nations qualification,Moroni,Comoros
2023-03-28,Mauritania,Congo DR,1.0,1.0,False,African Cup of Nations qualification,Nouakchott,Mauritania
2023-03-28,Libya,Tunisia,0.0,1.0,False,African Cup of Nations qualification,Benghazi,Libya
2023-03-28,Liberia,South Africa,1.0,2.0,False,African Cup of Nations qualification,Monrovia,Liberia
2023-03-28,Mozambique,Senegal,0.0,1.0,False,African Cup of Nations qualification,Maputo,Mozambique
2023-03-28,Scotland,Spain,2.0,0.0,False,UEFA Euro qualification,Glasgow,Scotland
2023-03-28,Georgia,Norway,1.0,1.0,False,UEFA Euro qualification,Batumi,Georgia
2023-03-28,Türkiye,Croatia,0.0,2.0,False,UEFA Euro qualification,Bursa,Turkey
2023-03-28,Switzerland,Israel,3.0,0.0,False,UEFA Euro qualification,Geneva,Switzerland
2023-03-28,Costa Rica,Panama,0.0,1.0,False,CONCACAF Nations League,San José,Costa Rica
2023-03-28,Canada,Honduras,4.0,1.0,False,CONCACAF Nations League,Toronto,Canada
2023-03-28,Haiti,Bermuda,3.0,1.0,True,CONCACAF Nations League,San Cristóbal,Dominican Republic
2023-04-19,United States,Mexico,1.0,1.0,False,Friendly,Glendale,United States
2023-06-07,Mexico,Guatemala,2.0,0.0,False,Friendly,Mazatlán,Mexico
2023-06-10,Mexico,Cameroon,2.0,2.0,True,Friendly,San Diego,United States
2023-06-10,Panama,Nicaragua,3.0,2.0,False,Friendly,Penonomé,Panama
2023-06-11,Uzbekistan,Oman,3.0,0.0,False,CAFA Nations Cup,Tashkent,Uzbekistan
2023-06-12,Germany,Ukraine,3.0,3.0,False,Friendly,Bremen,Germany
2023-06-12,Morocco,Cabo Verde,0.0,0.0,False,Friendly,Rabat,Morocco
2023-06-13,Iran,Afghanistan,6.0,1.0,True,CAFA Nations Cup,Bishkek,Kyrgyzstan
2023-06-13,Curaçao,Costa Rica,0.0,0.0,True,Friendly,Fort Lauderdale,United States
2023-06-14,Congo DR,Uganda,1.0,0.0,True,Friendly,Douala,Cameroon
2023-06-14,Uruguay,Nicaragua,4.0,1.0,False,Friendly,Montevideo,Uruguay
2023-06-14,Netherlands,Croatia,2.0,4.0,False,UEFA Nations League,Rotterdam,Netherlands
2023-06-14,Uzbekistan,Turkmenistan,2.0,0.0,False,CAFA Nations Cup,Tashkent,Uzbekistan
2023-06-14,Guinea,Egypt,1.0,2.0,True,African Cup of Nations qualification,Marrakech,Morocco
2023-06-15,Panama,Canada,0.0,2.0,True,CONCACAF Nations League,Las Vegas,United States
2023-06-15,United States,Mexico,3.0,0.0,False,CONCACAF Nations League,Las Vegas,United States
2023-06-15,Argentina,Australia,2.0,0.0,True,Friendly,Beijing,China PR
2023-06-15,Jamaica,Qatar,1.0,2.0,True,Friendly,Ritzing,Austria
2023-06-15,Japan,El Salvador,6.0,0.0,False,Friendly,Toyota,Japan
2023-06-15,Spain,Italy,2.0,1.0,True,UEFA Nations League,Enschede,Netherlands
2023-06-16,Curaçao,Saint Kitts and Nevis,1.0,1.0,True,Gold Cup qualification,Fort Lauderdale,United States
2023-06-16,Colombia,Iraq,1.0,0.0,True,Friendly,Valencia,Spain
2023-06-16,Korea Republic,Peru,0.0,1.0,False,Friendly,Busan,South Korea
2023-06-16,Poland,Germany,1.0,0.0,False,Friendly,Warsaw,Poland
2023-06-16,Serbia,Jordan,3.0,2.0,True,Friendly,Vienna,Austria
2023-06-16,Sweden,New Zealand,4.0,1.0,False,Friendly,Stockholm,Sweden
2023-06-16,Gibraltar,France,0.0,3.0,True,UEFA Euro qualification,Faro-Loulé,Portugal
2023-06-16,Malta,England,0.0,4.0,False,UEFA Euro qualification,Ta' Qali,Malta
2023-06-16,Latvia,Türkiye,2.0,3.0,False,UEFA Euro qualification,Riga,Latvia
2023-06-16,Andorra,Switzerland,1.0,2.0,False,UEFA Euro qualification,Andorra la Vella,Andorra
2023-06-16,Kyrgyzstan,Iran,1.0,5.0,False,CAFA Nations Cup,Bishkek,Kyrgyzstan
2023-06-17,Brazil,Guinea,4.0,1.0,True,Friendly,Barcelona,Spain
2023-06-17,Ecuador,Bolivia,1.0,0.0,True,Friendly,Harrison,United States
2023-06-17,Norway,Scotland,1.0,2.0,False,UEFA Euro qualification,Oslo,Norway
2023-06-17,Faroe Islands,Czechia,0.0,3.0,False,UEFA Euro qualification,Tórshavn,Faroe Islands
2023-06-17,Belgium,Austria,1.0,1.0,False,UEFA Euro qualification,Brussels,Belgium
2023-06-17,Portugal,Bosnia and Herzegovina,3.0,0.0,False,UEFA Euro qualification,Lisbon,Portugal
2023-06-17,Uzbekistan,Tajikistan,5.0,1.0,False,CAFA Nations Cup,Tashkent,Uzbekistan
2023-06-17,Zambia,Côte d'Ivoire,3.0,0.0,False,African Cup of Nations qualification,Ndola,Zambia
2023-06-17,Equatorial Guinea,Tunisia,1.0,0.0,False,African Cup of Nations qualification,Malabo,Equatorial Guinea
2023-06-17,South Africa,Morocco,2.0,1.0,False,African Cup of Nations qualification,Johannesburg,South Africa
2023-06-17,Benin,Senegal,1.0,1.0,False,African Cup of Nations qualification,Cotonou,Benin
2023-06-18,Panama,Mexico,0.0,1.0,True,CONCACAF Nations League,Las Vegas,United States
2023-06-18,United States,Canada,2.0,0.0,False,CONCACAF Nations League,Las Vegas,United States
2023-06-18,Egypt,South Sudan,3.0,0.0,False,Friendly,Cairo,Egypt
2023-06-18,Paraguay,Nicaragua,2.0,0.0,False,Friendly,Asunción,Paraguay
2023-06-18,Netherlands,Italy,2.0,3.0,False,UEFA Nations League,Enschede,Netherlands
2023-06-18,Croatia,Spain,0.0,0.0,True,UEFA Nations League,Rotterdam,Netherlands
2023-06-18,Cabo Verde,Burkina Faso,3.0,1.0,False,African Cup of Nations qualification,Praia,Cape Verde
2023-06-18,Madagascar,Ghana,0.0,0.0,False,African Cup of Nations qualification,Antananarivo,Madagascar
2023-06-18,Uganda,Algeria,1.0,2.0,True,African Cup of Nations qualification,Douala,Cameroon
2023-06-18,Gabon,Congo DR,0.0,2.0,False,African Cup of Nations qualification,Franceville,Gabon
2023-06-19,Indonesia,Argentina,0.0,2.0,False,Friendly,Jakarta,Indonesia
2023-06-19,Jamaica,Jordan,1.0,2.0,True,Friendly,Wiener Neustadt,Austria
2023-06-19,France,Greece,1.0,0.0,False,UEFA Euro qualification,Paris,France
2023-06-19,England,North Macedonia,7.0,0.0,False,UEFA Euro qualification,Manchester,England
2023-06-19,Türkiye,Wales,2.0,0.0,False,UEFA Euro qualification,Samsun,Turkey
2023-06-19,Switzerland,Romania,2.0,2.0,False,UEFA Euro qualification,Lucerne,Switzerland
2023-06-20,Algeria,Tunisia,1.0,1.0,False,Friendly,Annaba,Algeria
2023-06-20,Brazil,Senegal,2.0,4.0,True,Friendly,Lisbon,Portugal
2023-06-20,Ecuador,Costa Rica,3.0,1.0,True,Friendly,Chester,United States
2023-06-20,Germany,Colombia,0.0,2.0,False,Friendly,Gelsenkirchen,Germany
2023-06-20,Haiti,Trinidad and Tobago,0.0,0.0,True,Friendly,Palm Beach Gardens,United States
2023-06-20,Japan,Peru,4.0,1.0,False,Friendly,Suita,Japan
2023-06-20,Korea Republic,El Salvador,1.0,1.0,False,Friendly,Daejeon,South Korea
2023-06-20,Montenegro,Czechia,1.0,4.0,False,Friendly,Podgorica,Montenegro
2023-06-20,Uruguay,Cuba,2.0,0.0,False,Friendly,Montevideo,Uruguay
2023-06-20,Scotland,Georgia,2.0,0.0,False,UEFA Euro qualification,Glasgow,Scotland
2023-06-20,Norway,Cyprus,3.0,1.0,False,UEFA Euro qualification,Oslo,Norway
2023-06-20,Austria,Sweden,2.0,0.0,False,UEFA Euro qualification,Vienna,Austria
2023-06-20,Estonia,Belgium,0.0,3.0,False,UEFA Euro qualification,Tallinn,Estonia
2023-06-20,Iceland,Portugal,0.0,1.0,False,UEFA Euro qualification,Reykjavík,Iceland
2023-06-20,Bosnia and Herzegovina,Luxembourg,0.0,2.0,False,UEFA Euro qualification,Zenica,Bosnia and Herzegovina
2023-06-20,Uzbekistan,Iran,0.0,1.0,False,CAFA Nations Cup,Tashkent,Uzbekistan
2023-06-24,United States,Jamaica,1.0,1.0,False,Gold Cup,Chicago,United States
2023-06-25,Haiti,Qatar,2.0,1.0,True,Gold Cup,Houston,United States
2023-06-25,Mexico,Honduras,4.0,0.0,True,Gold Cup,Houston,United States
2023-06-26,Costa Rica,Panama,1.0,2.0,True,Gold Cup,Fort Lauderdale,United States
2023-06-27,Canada,Guadeloupe,2.0,2.0,False,Gold Cup,Toronto,Canada
2023-06-28,United States,Saint Kitts and Nevis,6.0,0.0,False,Gold Cup,St. Louis,United States
2023-06-29,Qatar,Honduras,1.0,1.0,True,Gold Cup,Glendale,United States
2023-06-29,Haiti,Mexico,1.0,3.0,True,Gold Cup,Glendale,United States
2023-06-30,Martinique,Panama,1.0,2.0,True,Gold Cup,Harrison,United States
2023-07-01,Guatemala,Canada,0.0,0.0,True,Gold Cup,Houston,United States
2023-07-02,United States,Trinidad and Tobago,6.0,0.0,False,Gold Cup,Charlotte,United States
2023-07-02,Honduras,Haiti,2.0,1.0,True,Gold Cup,Charlotte,United States
2023-07-02,Mexico,Qatar,0.0,1.0,True,Gold Cup,Santa Clara,United States
2023-07-04,Panama,El Salvador,2.0,2.0,True,Gold Cup,Houston,United States
2023-07-04,Canada,Cuba,4.0,2.0,True,Gold Cup,Houston,United States
2023-07-05,South Africa,Namibia,1.0,1.0,False,COSAFA Cup,Durban,South Africa
2023-07-08,Panama,Qatar,4.0,0.0,True,Gold Cup,Arlington,United States
2023-07-08,Mexico,Costa Rica,2.0,0.0,True,Gold Cup,Arlington,United States
2023-07-08,South Africa,Botswana,2.0,1.0,False,COSAFA Cup,Durban,South Africa
2023-07-09,United States,Canada,2.0,2.0,False,Gold Cup,Cincinnati,United States
2023-07-11,South Africa,Eswatini,2.0,1.0,False,COSAFA Cup,KwaMashu,South Africa
2023-07-12,United States,Panama,1.0,1.0,False,Gold Cup,San Diego,United States
2023-07-12,Jamaica,Mexico,0.0,3.0,True,Gold Cup,Paradise,United States
2023-07-14,South Africa,Zambia,1.0,2.0,False,COSAFA Cup,Durban,South Africa
2023-07-16,Mexico,Panama,1.0,0.0,True,Gold Cup,Inglewood,United States
2023-07-16,South Africa,Malawi,0.0,0.0,False,COSAFA Cup,Durban,South Africa
2023-08-27,Bolivia,Panama,1.0,2.0,False,Friendly,Cochabamba,Bolivia
2023-09-07,Trinidad and Tobago,Curaçao,1.0,0.0,False,CONCACAF Nations League,Port of Spain,Trinidad and Tobago
2023-09-07,Panama,Martinique,3.0,0.0,False,CONCACAF Nations League,Panama City,Panama
2023-09-07,Colombia,Venezuela,1.0,0.0,False,FIFA World Cup qualification,Barranquilla,Colombia
2023-09-07,Paraguay,Peru,0.0,0.0,False,FIFA World Cup qualification,Ciudad del Este,Paraguay
2023-09-07,Argentina,Ecuador,1.0,0.0,False,FIFA World Cup qualification,Buenos Aires,Argentina
2023-09-07,Austria,Moldova,1.0,1.0,False,Friendly,Pasching,Austria
2023-09-07,Bulgaria,Iran,0.0,1.0,False,Friendly,Plovdiv,Bulgaria
2023-09-07,Norway,Jordan,6.0,0.0,False,Friendly,Oslo,Norway
2023-09-07,Qatar,Kenya,1.0,2.0,False,Friendly,Al Wakrah,Qatar
2023-09-07,Wales,Korea Republic,0.0,0.0,False,Friendly,Cardiff,Wales
2023-09-07,Ghana,Central African Republic,2.0,1.0,False,African Cup of Nations qualification,Kumasi,Ghana
2023-09-07,Algeria,Tanzania,0.0,0.0,False,African Cup of Nations qualification,Annaba,Algeria
2023-09-07,Tunisia,Botswana,3.0,0.0,False,African Cup of Nations qualification,Radès,Tunisia
2023-09-07,France,Ireland,2.0,0.0,False,UEFA Euro qualification,Paris,France
2023-09-07,Netherlands,Greece,3.0,0.0,False,UEFA Euro qualification,Eindhoven,Netherlands
2023-09-07,Czechia,Albania,1.0,1.0,False,UEFA Euro qualification,Prague,Czech Republic
2023-09-07,Iraq,India,2.0,2.0,True,King's Cup,Chiang Mai,Thailand
2023-09-08,Haiti,Cuba,0.0,0.0,True,CONCACAF Nations League,Santo Domingo,Dominican Republic
2023-09-08,Uruguay,Chile,3.0,1.0,False,FIFA World Cup qualification,Montevideo,Uruguay
2023-09-08,Brazil,Bolivia,5.0,1.0,False,FIFA World Cup qualification,Belém,Brazil
2023-09-08,Costa Rica,Saudi Arabia,3.0,1.0,True,Friendly,Newcastle,England
2023-09-08,Egypt,Ethiopia,1.0,0.0,False,African Cup of Nations qualification,Cairo,Egypt
2023-09-08,Georgia,Spain,1.0,7.0,False,UEFA Euro qualification,Tbilisi,Georgia
2023-09-08,Cyprus,Scotland,0.0,3.0,False,UEFA Euro qualification,Larnaca,Cyprus
2023-09-08,Croatia,Latvia,5.0,0.0,False,UEFA Euro qualification,Rijeka,Croatia
2023-09-08,Türkiye,Armenia,1.0,1.0,False,UEFA Euro qualification,Eskişehir,Turkey
2023-09-08,Bosnia and Herzegovina,Liechtenstein,2.0,1.0,False,UEFA Euro qualification,Zenica,Bosnia and Herzegovina
2023-09-08,Slovakia,Portugal,0.0,1.0,False,UEFA Euro qualification,Bratislava,Slovakia
2023-09-09,Germany,Japan,1.0,4.0,False,Friendly,Wolfsburg,Germany
2023-09-09,Mexico,Australia,2.0,2.0,True,Friendly,Arlington,United States
2023-09-09,South Africa,Namibia,0.0,0.0,False,Friendly,Johannesburg,South Africa
2023-09-09,United States,Uzbekistan,3.0,0.0,False,Friendly,St. Louis,United States
2023-09-09,Côte d'Ivoire,Lesotho,1.0,0.0,False,African Cup of Nations qualification,San-Pédro,Ivory Coast
2023-09-09,Congo DR,Sudan,2.0,0.0,False,African Cup of Nations qualification,Kinshasa,DR Congo
2023-09-09,Rwanda,Senegal,1.0,1.0,False,African Cup of Nations qualification,Butare,Rwanda
2023-09-09,Ukraine,England,1.0,1.0,True,UEFA Euro qualification,Wrocław,Poland
2023-09-09,Azerbaijan,Belgium,0.0,1.0,False,UEFA Euro qualification,Baku,Azerbaijan
2023-09-09,Estonia,Sweden,0.0,5.0,False,UEFA Euro qualification,Tallinn,Estonia
2023-09-09,Kosovo,Switzerland,2.0,2.0,False,UEFA Euro qualification,Pristina,Kosovo
2023-09-10,Guatemala,Panama,1.0,1.0,False,CONCACAF Nations League,Guatemala City,Guatemala
2023-09-10,Martinique,Curaçao,1.0,0.0,False,CONCACAF Nations League,Fort-de-France,Martinique
2023-09-10,Hungary,Czechia,1.0,1.0,False,Friendly,Budapest,Hungary
2023-09-10,Togo,Cabo Verde,3.0,2.0,False,African Cup of Nations qualification,Lomé,Togo
2023-09-10,Ireland,Netherlands,1.0,2.0,False,UEFA Euro qualification,Dublin,Republic of Ireland
2023-09-10,Thailand,Iraq,2.0,2.0,False,King's Cup,Chiang Mai,Thailand
2023-09-11,Armenia,Croatia,0.0,1.0,False,UEFA Euro qualification,Yerevan,Armenia
2023-09-11,Iceland,Bosnia and Herzegovina,1.0,0.0,False,UEFA Euro qualification,Reykjavík,Iceland
2023-09-11,Portugal,Luxembourg,9.0,0.0,False,UEFA Euro qualification,São João da Venda,Portugal
2023-09-12,Jamaica,Haiti,2.0,2.0,False,CONCACAF Nations League,Kingston,Jamaica
2023-09-12,Bolivia,Argentina,0.0,3.0,False,FIFA World Cup qualification,La Paz,Bolivia
2023-09-12,Ecuador,Uruguay,2.0,1.0,False,FIFA World Cup qualification,Quito,Ecuador
2023-09-12,Venezuela,Paraguay,1.0,0.0,False,FIFA World Cup qualification,Maturín,Venezuela
2023-09-12,Peru,Brazil,0.0,1.0,False,FIFA World Cup qualification,Lima,Peru
2023-09-12,Chile,Colombia,0.0,0.0,False,FIFA World Cup qualification,Santiago,Chile
2023-09-12,Azerbaijan,Jordan,2.0,1.0,False,Friendly,Baku,Azerbaijan
2023-09-12,Egypt,Tunisia,1.0,3.0,False,Friendly,Cairo,Egypt
2023-09-12,Germany,France,2.0,1.0,False,Friendly,Dortmund,Germany
2023-09-12,Qatar,Russia,1.0,1.0,False,Friendly,Al Wakrah,Qatar
2023-09-12,Ghana,Liberia,3.0,1.0,False,Friendly,Accra,Ghana
2023-09-12,Iran,Angola,4.0,0.0,False,Friendly,Tehran,Iran
2023-09-12,Japan,Türkiye,4.0,2.0,True,Friendly,Genk,Belgium
2023-09-12,Korea Republic,Saudi Arabia,1.0,0.0,True,Friendly,Newcastle,England
2023-09-12,Mexico,Uzbekistan,3.0,3.0,True,Friendly,Atlanta,United States
2023-09-12,Morocco,Burkina Faso,1.0,0.0,True,Friendly,Lens,France
2023-09-12,Scotland,England,1.0,3.0,False,Friendly,Glasgow,Scotland
2023-09-12,Senegal,Algeria,0.0,1.0,False,Friendly,Diamniadio,Senegal
2023-09-12,South Africa,Congo DR,1.0,0.0,False,Friendly,Johannesburg,South Africa
2023-09-12,United States,Oman,4.0,0.0,False,Friendly,Saint Paul,United States
2023-09-12,Norway,Georgia,2.0,1.0,False,UEFA Euro qualification,Oslo,Norway
2023-09-12,Spain,Cyprus,6.0,0.0,False,UEFA Euro qualification,Granada,Spain
2023-09-12,Belgium,Estonia,5.0,0.0,False,UEFA Euro qualification,Brussels,Belgium
2023-09-12,Sweden,Austria,1.0,3.0,False,UEFA Euro qualification,Stockholm,Sweden
2023-09-12,Switzerland,Andorra,3.0,0.0,False,UEFA Euro qualification,Sion,Switzerland
2023-10-12,Suriname,Haiti,1.0,1.0,False,CONCACAF Nations League,Paramaribo,Suriname
2023-10-12,Colombia,Uruguay,2.0,2.0,False,FIFA World Cup qualification,Barranquilla,Colombia
2023-10-12,Bolivia,Ecuador,1.0,2.0,False,FIFA World Cup qualification,La Paz,Bolivia
2023-10-12,Argentina,Paraguay,1.0,0.0,False,FIFA World Cup qualification,Buenos Aires,Argentina
2023-10-12,Brazil,Venezuela,1.0,1.0,False,FIFA World Cup qualification,Cuiabá,Brazil
2023-10-12,Algeria,Cabo Verde,5.0,1.0,False,Friendly,Constantine,Algeria
2023-10-12,Egypt,Zambia,1.0,0.0,True,Friendly,Al Ain,United Arab Emirates
2023-10-12,Sweden,Moldova,3.0,1.0,False,Friendly,Stockholm,Sweden
2023-10-12,Spain,Scotland,2.0,0.0,False,UEFA Euro qualification,Seville,Spain
2023-10-12,Cyprus,Norway,0.0,4.0,False,UEFA Euro qualification,Larnaca,Cyprus
2023-10-12,Croatia,Türkiye,0.0,1.0,False,UEFA Euro qualification,Osijek,Croatia
2023-10-12,Albania,Czechia,3.0,0.0,False,UEFA Euro qualification,Tirana,Albania
2023-10-13,Curaçao,Panama,1.0,2.0,False,CONCACAF Nations League,Willemstad,Curaçao
2023-10-13,Congo DR,New Zealand,1.0,1.0,True,Friendly,Murcia,Spain
2023-10-13,England,Australia,1.0,0.0,False,Friendly,London,England
2023-10-13,Iraq,Qatar,0.0,0.0,True,Friendly,Amman,Jordan
2023-10-13,Japan,Canada,4.0,1.0,False,Friendly,Niigata,Japan
2023-10-13,Korea Republic,Tunisia,4.0,0.0,False,Friendly,Seoul,South Korea
2023-10-13,Nigeria,Saudi Arabia,2.0,2.0,True,Friendly,Portimão,Portugal
2023-10-13,South Africa,Eswatini,0.0,0.0,False,Friendly,Johannesburg,South Africa
2023-10-13,Vietnam,Uzbekistan,0.0,2.0,True,Friendly,Dalian,China PR
2023-10-13,Netherlands,France,1.0,2.0,False,UEFA Euro qualification,Amsterdam,Netherlands
2023-10-13,Austria,Belgium,2.0,3.0,False,UEFA Euro qualification,Vienna,Austria
2023-10-13,Portugal,Slovakia,3.0,2.0,False,UEFA Euro qualification,Porto,Portugal
2023-10-13,Liechtenstein,Bosnia and Herzegovina,0.0,2.0,False,UEFA Euro qualification,Vaduz,Liechtenstein
2023-10-14,Côte d'Ivoire,Morocco,1.0,1.0,False,Friendly,Abidjan,Ivory Coast
2023-10-14,Mexico,Ghana,2.0,0.0,True,Friendly,Charlotte,United States
2023-10-14,United States,Germany,1.0,3.0,False,Friendly,East Hartford,United States
2023-10-15,Haiti,Jamaica,2.0,3.0,True,CONCACAF Nations League,Port of Spain,Trinidad and Tobago
2023-10-15,Norway,Spain,0.0,1.0,False,UEFA Euro qualification,Oslo,Norway
2023-10-15,Wales,Croatia,2.0,1.0,False,UEFA Euro qualification,Cardiff,Wales
2023-10-15,Türkiye,Latvia,4.0,0.0,False,UEFA Euro qualification,Konya,Turkey
2023-10-15,Czechia,Faroe Islands,1.0,0.0,False,UEFA Euro qualification,Plzeň,Czech Republic
2023-10-15,Switzerland,Belarus,3.0,3.0,False,UEFA Euro qualification,St. Gallen,Switzerland
2023-10-16,Algeria,Egypt,1.0,1.0,True,Friendly,Al Ain,United Arab Emirates
2023-10-16,China PR,Uzbekistan,1.0,2.0,False,Friendly,Dalian,China PR
2023-10-16,Senegal,Cameroon,1.0,0.0,True,Friendly,Lens,France
2023-10-16,Greece,Netherlands,0.0,1.0,False,UEFA Euro qualification,Athens,Greece
2023-10-16,Azerbaijan,Austria,0.0,1.0,False,UEFA Euro qualification,Baku,Azerbaijan
2023-10-16,Belgium,Sweden,1.0,1.0,False,UEFA Euro qualification,Brussels,Belgium
2023-10-16,Bosnia and Herzegovina,Portugal,0.0,5.0,False,UEFA Euro qualification,Zenica,Bosnia and Herzegovina
2023-10-17,Panama,Guatemala,3.0,0.0,False,CONCACAF Nations League,Panama City,Panama
2023-10-17,Curaçao,Trinidad and Tobago,5.0,3.0,False,CONCACAF Nations League,Willemstad,Curaçao
2023-10-17,Ecuador,Colombia,0.0,0.0,False,FIFA World Cup qualification,Quito,Ecuador
2023-10-17,Paraguay,Bolivia,1.0,0.0,False,FIFA World Cup qualification,Asunción,Paraguay
2023-10-17,Peru,Argentina,0.0,2.0,False,FIFA World Cup qualification,Lima,Peru
2023-10-17,Uruguay,Brazil,2.0,0.0,False,FIFA World Cup qualification,Montevideo,Uruguay
2023-10-17,Angola,Congo DR,0.0,0.0,True,Friendly,Setúbal,Portugal
2023-10-17,Australia,New Zealand,2.0,0.0,True,Soccer Ashes,Brentford,England
2023-10-17,Cabo Verde,Comoros,1.0,2.0,False,Friendly,Fos-sur-Mer,Cape Verde
2023-10-17,France,Scotland,4.0,1.0,False,Friendly,Lille,France
2023-10-17,Côte d'Ivoire,South Africa,1.0,1.0,False,Friendly,Abidjan,Ivory Coast
2023-10-17,Korea Republic,Vietnam,6.0,0.0,False,Friendly,Suwon,South Korea
2023-10-17,Mali,Saudi Arabia,3.0,1.0,True,Friendly,Portimão,Portugal
2023-10-17,Mexico,Germany,2.0,2.0,True,Friendly,Philadelphia,United States
2023-10-17,United States,Ghana,4.0,0.0,False,Friendly,Nashville,United States
2023-10-17,Morocco,Liberia,3.0,0.0,False,African Cup of Nations qualification,Agadir,Morocco
2023-10-17,England,Italy,3.0,1.0,False,UEFA Euro qualification,London,England
2023-11-15,Congo DR,Mauritania,2.0,0.0,False,FIFA World Cup qualification,Kinshasa,DR Congo
2023-11-15,Belgium,Serbia,1.0,0.0,False,Friendly,Leuven,Belgium
2023-11-15,Israel,Switzerland,1.0,1.0,True,UEFA Euro qualification,Felcsút,Hungary
2023-11-16,Costa Rica,Panama,0.0,3.0,False,CONCACAF Nations League,San José,Costa Rica
2023-11-16,United States,Trinidad and Tobago,3.0,0.0,False,CONCACAF Nations League,Austin,United States
2023-11-16,Venezuela,Ecuador,0.0,0.0,False,FIFA World Cup qualification,Maturín,Venezuela
2023-11-16,Colombia,Brazil,2.0,1.0,False,FIFA World Cup qualification,Barranquilla,Colombia
2023-11-16,Argentina,Uruguay,0.0,2.0,False,FIFA World Cup qualification,Buenos Aires,Argentina
2023-11-16,Chile,Paraguay,0.0,0.0,False,FIFA World Cup qualification,Santiago,Chile
2023-11-16,Qatar,Afghanistan,8.0,1.0,False,FIFA World Cup qualification,Al Rayyan,Qatar
2023-11-16,Japan,Myanmar,5.0,0.0,False,FIFA World Cup qualification,Suita,Japan
2023-11-16,Korea Republic,Singapore,5.0,0.0,False,FIFA World Cup qualification,Seoul,South Korea
2023-11-16,Iran,Hong Kong,4.0,0.0,False,FIFA World Cup qualification,Tehran,Iran
2023-11-16,Turkmenistan,Uzbekistan,1.0,3.0,False,FIFA World Cup qualification,Ashgabat,Turkmenistan
2023-11-16,Iraq,Indonesia,5.0,1.0,False,FIFA World Cup qualification,Basra,Iraq
2023-11-16,Tajikistan,Jordan,1.0,1.0,False,FIFA World Cup qualification,Dushanbe,Tajikistan
2023-11-16,Saudi Arabia,Pakistan,4.0,0.0,False,FIFA World Cup qualification,Al Hofuf,Saudi Arabia
2023-11-16,Australia,Bangladesh,7.0,0.0,False,FIFA World Cup qualification,Melbourne,Australia
2023-11-16,Egypt,Djibouti,6.0,0.0,False,FIFA World Cup qualification,Cairo,Egypt
2023-11-16,Cabo Verde,Angola,0.0,0.0,False,FIFA World Cup qualification,Praia,Cape Verde
2023-11-16,Algeria,Somalia,3.0,1.0,False,FIFA World Cup qualification,Algiers,Algeria
2023-11-16,Curaçao,El Salvador,1.0,1.0,False,Friendly,Willemstad,Curaçao
2023-11-16,Norway,Faroe Islands,2.0,0.0,False,Friendly,Oslo,Norway
2023-11-16,Cyprus,Spain,1.0,3.0,False,UEFA Euro qualification,Limassol,Cyprus
2023-11-16,Georgia,Scotland,2.0,2.0,False,UEFA Euro qualification,Tbilisi,Georgia
2023-11-16,Estonia,Austria,0.0,2.0,False,UEFA Euro qualification,Tallinn,Estonia
2023-11-16,Azerbaijan,Sweden,3.0,0.0,False,UEFA Euro qualification,Baku,Azerbaijan
2023-11-16,Liechtenstein,Portugal,0.0,2.0,False,UEFA Euro qualification,Vaduz,Liechtenstein
2023-11-16,Luxembourg,Bosnia and Herzegovina,4.0,1.0,False,UEFA Euro qualification,Luxembourg,Luxembourg
2023-11-17,Honduras,Mexico,2.0,0.0,False,CONCACAF Nations League,Tegucigalpa,Honduras
2023-11-17,Côte d'Ivoire,Seychelles,9.0,0.0,False,FIFA World Cup qualification,Abidjan,Ivory Coast
2023-11-17,Tunisia,São Tomé and Príncipe,4.0,0.0,False,FIFA World Cup qualification,Radès,Tunisia
2023-11-17,Ghana,Madagascar,1.0,0.0,False,FIFA World Cup qualification,Kumasi,Ghana
2023-11-17,Greece,New Zealand,2.0,0.0,False,Friendly,Athens,Greece
2023-11-17,England,Malta,2.0,0.0,False,UEFA Euro qualification,London,England
2023-11-17,Poland,Czechia,1.0,1.0,False,UEFA Euro qualification,Warsaw,Poland
2023-11-18,Jamaica,Canada,1.0,2.0,False,CONCACAF Nations League,Kingston,Jamaica
2023-11-18,Senegal,South Sudan,4.0,0.0,False,FIFA World Cup qualification,Diamniadio,Senegal
2023-11-18,South Africa,Benin,2.0,1.0,False,FIFA World Cup qualification,Durban,South Africa
2023-11-18,Germany,Türkiye,2.0,3.0,False,Friendly,Berlin,Germany
2023-11-18,France,Gibraltar,14.0,0.0,False,UEFA Euro qualification,Nice,France
2023-11-18,Netherlands,Ireland,1.0,0.0,False,UEFA Euro qualification,Amsterdam,Netherlands
2023-11-18,Latvia,Croatia,0.0,2.0,False,UEFA Euro qualification,Riga,Latvia
2023-11-18,Switzerland,Kosovo,1.0,1.0,False,UEFA Euro qualification,Basel,Switzerland
2023-11-19,Sierra Leone,Egypt,0.0,2.0,True,FIFA World Cup qualification,Monrovia,Liberia
2023-11-19,Sudan,Congo DR,1.0,0.0,True,FIFA World Cup qualification,Benghazi,Libya
2023-11-19,Mozambique,Algeria,0.0,2.0,False,FIFA World Cup qualification,Maputo,Mozambique
2023-11-19,Scotland,Norway,3.0,3.0,False,UEFA Euro qualification,Glasgow,Scotland
2023-11-19,Spain,Georgia,3.0,1.0,False,UEFA Euro qualification,Valladolid,Spain
2023-11-19,Belgium,Azerbaijan,5.0,0.0,False,UEFA Euro qualification,Brussels,Belgium
2023-11-19,Sweden,Estonia,2.0,0.0,False,UEFA Euro qualification,Stockholm,Sweden
2023-11-19,Portugal,Iceland,2.0,0.0,False,UEFA Euro qualification,Lisbon,Portugal
2023-11-19,Bosnia and Herzegovina,Slovakia,1.0,2.0,False,UEFA Euro qualification,Zenica,Bosnia and Herzegovina
2023-11-20,Panama,Costa Rica,3.0,1.0,False,CONCACAF Nations League,Panama City,Panama
2023-11-20,Trinidad and Tobago,United States,2.0,1.0,False,CONCACAF Nations League,Port of Spain,Trinidad and Tobago
2023-11-20,Gambia,Côte d'Ivoire,0.0,2.0,True,FIFA World Cup qualification,Dar es Salaam,Tanzania
2023-11-20,Curaçao,El Salvador,1.0,1.0,False,Friendly,Willemstad,Curaçao
2023-11-20,North Macedonia,England,1.0,1.0,False,UEFA Euro qualification,Skopje,North Macedonia
2023-11-20,Czechia,Moldova,3.0,0.0,False,UEFA Euro qualification,Olomouc,Czech Republic
2023-11-21,Canada,Jamaica,2.0,3.0,False,CONCACAF Nations League,Toronto,Canada
2023-11-21,Mexico,Honduras,2.0,0.0,False,CONCACAF Nations League,Mexico City,Mexico
2023-11-21,Ecuador,Chile,1.0,0.0,False,FIFA World Cup qualification,Quito,Ecuador
2023-11-21,Paraguay,Colombia,0.0,1.0,False,FIFA World Cup qualification,Asunción,Paraguay
2023-11-21,Uruguay,Bolivia,3.0,0.0,False,FIFA World Cup qualification,Montevideo,Uruguay
2023-11-21,Brazil,Argentina,0.0,1.0,False,FIFA World Cup qualification,Rio de Janeiro,Brazil
2023-11-21,India,Qatar,0.0,3.0,False,FIFA World Cup qualification,Bhubaneswar,India
2023-11-21,Syria,Japan,0.0,5.0,True,FIFA World Cup qualification,Jeddah,Saudi Arabia
2023-11-21,China PR,Korea Republic,0.0,3.0,False,FIFA World Cup qualification,Shenzhen,China PR
2023-11-21,Uzbekistan,Iran,2.0,2.0,False,FIFA World Cup qualification,Tashkent,Uzbekistan
2023-11-21,Vietnam,Iraq,0.0,1.0,False,FIFA World Cup qualification,Hanoi,Vietnam
2023-11-21,Jordan,Saudi Arabia,0.0,2.0,False,FIFA World Cup qualification,Amman,Jordan
2023-11-21,Palestine,Australia,0.0,1.0,True,FIFA World Cup qualification,Kuwait City,Kuwait
2023-11-21,Togo,Senegal,0.0,0.0,False,FIFA World Cup qualification,Lomé,Togo
2023-11-21,Rwanda,South Africa,2.0,0.0,False,FIFA World Cup qualification,Butare,Rwanda
2023-11-21,Eswatini,Cabo Verde,0.0,2.0,True,FIFA World Cup qualification,Mbombela,South Africa
2023-11-21,Tanzania,Morocco,0.0,2.0,False,FIFA World Cup qualification,Dar es Salaam,Tanzania
2023-11-21,Malawi,Tunisia,0.0,1.0,False,FIFA World Cup qualification,Lilongwe,Malawi
2023-11-21,Comoros,Ghana,1.0,0.0,False,FIFA World Cup qualification,Moroni,Comoros
2023-11-21,Austria,Germany,2.0,0.0,False,Friendly,Vienna,Austria
2023-11-21,Ireland,New Zealand,1.0,1.0,False,Friendly,Dublin,Republic of Ireland
2023-11-21,Gibraltar,Netherlands,0.0,6.0,True,UEFA Euro qualification,Faro-Loulé,Portugal
2023-11-21,Greece,France,2.0,2.0,False,UEFA Euro qualification,Athens,Greece
2023-11-21,Wales,Türkiye,1.0,1.0,False,UEFA Euro qualification,Cardiff,Wales
2023-11-21,Croatia,Armenia,1.0,0.0,False,UEFA Euro qualification,Zagreb,Croatia
2023-11-21,Romania,Switzerland,1.0,0.0,False,UEFA Euro qualification,Bucharest,Romania
2023-12-16,Mexico,Colombia,2.0,3.0,True,Friendly,Los Angeles,United States
2024-01-01,Japan,Thailand,5.0,0.0,False,Friendly,Tokyo,Japan
2024-01-04,Saudi Arabia,Lebanon,1.0,0.0,True,Friendly,Doha,Qatar
2024-01-05,Iran,Burkina Faso,2.0,1.0,False,Friendly,Kish,Iran
2024-01-05,Qatar,Jordan,1.0,2.0,False,Friendly,Al Rayyan,Qatar
2024-01-05,Togo,Algeria,0.0,3.0,False,Friendly,Lomé,Togo
2024-01-06,Congo DR,Angola,0.0,0.0,True,Friendly,Dubai,United Arab Emirates
2024-01-06,Iraq,Korea Republic,0.0,1.0,True,Friendly,Abu Dhabi,United Arab Emirates
2024-01-06,Bahrain,Australia,0.0,2.0,True,Friendly,Abu Dhabi,United Arab Emirates
2024-01-06,Côte d'Ivoire,Sierra Leone,5.0,1.0,False,Friendly,San-Pédro,Ivory Coast
2024-01-06,Tunisia,Mauritania,0.0,0.0,False,Friendly,Radès,Tunisia
2024-01-07,Uzbekistan,Palestine,1.0,0.0,True,Friendly,Doha,Qatar
2024-01-07,Egypt,Tanzania,2.0,0.0,False,Friendly,Cairo,Egypt
2024-01-08,Senegal,Niger,1.0,0.0,False,Friendly,Dakar,Senegal
2024-01-08,Ghana,Namibia,0.0,0.0,False,Friendly,Kumasi,Ghana
2024-01-09,Japan,Jordan,6.0,1.0,True,Friendly,Doha,Qatar
2024-01-09,Saudi Arabia,Palestine,0.0,0.0,True,Friendly,Al Wakrah,Qatar
2024-01-09,Burundi,Algeria,0.0,4.0,True,Friendly,Lomé,Togo
2024-01-09,Indonesia,Iran,0.0,5.0,True,Friendly,Al Rayyan,Qatar
2024-01-10,South Africa,Lesotho,0.0,0.0,False,Friendly,Pretoria,South Africa
2024-01-10,Congo DR,Burkina Faso,1.0,2.0,True,Friendly,Abu Dhabi,United Arab Emirates
2024-01-10,Saudi Arabia,Hong Kong,2.0,0.0,True,Friendly,Al Wakrah,Qatar
2024-01-10,Tunisia,Cabo Verde,2.0,0.0,False,Friendly,Radès,Tunisia
2024-01-11,Morocco,Sierra Leone,3.0,1.0,True,Friendly,San-Pédro,Ivory Coast
2024-01-12,Qatar,Lebanon,3.0,0.0,False,AFC Asian Cup,Lusail,Qatar
2024-01-12,Sweden,Estonia,2.0,1.0,True,Friendly,Paphos,Cyprus
2024-01-13,Australia,India,2.0,0.0,True,AFC Asian Cup,Al Rayyan,Qatar
2024-01-13,Uzbekistan,Syria,0.0,0.0,True,AFC Asian Cup,Doha,Qatar
2024-01-13,Côte d'Ivoire,Guinea-Bissau,2.0,0.0,False,African Cup of Nations,Ebimpé,Ivory Coast
2024-01-14,Iran,Palestine,4.0,1.0,True,AFC Asian Cup,Al Rayyan,Qatar
2024-01-14,Japan,Vietnam,4.0,2.0,True,AFC Asian Cup,Doha,Qatar
2024-01-14,Egypt,Mozambique,2.0,2.0,True,African Cup of Nations,Abidjan,Ivory Coast
2024-01-14,Ghana,Cabo Verde,1.0,2.0,True,African Cup of Nations,Abidjan,Ivory Coast
2024-01-15,Indonesia,Iraq,1.0,3.0,True,AFC Asian Cup,Doha,Qatar
2024-01-15,Korea Republic,Bahrain,3.0,1.0,True,AFC Asian Cup,Doha,Qatar
2024-01-15,Malaysia,Jordan,0.0,4.0,True,AFC Asian Cup,Al Wakrah,Qatar
2024-01-15,Senegal,Gambia,3.0,0.0,True,African Cup of Nations,Yamoussoukro,Ivory Coast
2024-01-15,Algeria,Angola,1.0,1.0,True,African Cup of Nations,Bouaké,Ivory Coast
2024-01-16,Saudi Arabia,Oman,2.0,1.0,True,AFC Asian Cup,Al Rayyan,Qatar
2024-01-16,Tunisia,Namibia,0.0,1.0,True,African Cup of Nations,Korhogo,Ivory Coast
2024-01-16,Mali,South Africa,2.0,0.0,True,African Cup of Nations,Korhogo,Ivory Coast
2024-01-17,Qatar,Tajikistan,1.0,0.0,False,AFC Asian Cup,Al Khor,Qatar
2024-01-17,Morocco,Tanzania,3.0,0.0,True,African Cup of Nations,San-Pédro,Ivory Coast
2024-01-17,Congo DR,Zambia,1.0,1.0,True,African Cup of Nations,San-Pédro,Ivory Coast
2024-01-18,Syria,Australia,0.0,1.0,True,AFC Asian Cup,Doha,Qatar
2024-01-18,India,Uzbekistan,0.0,3.0,True,AFC Asian Cup,Al Rayyan,Qatar
2024-01-18,Côte d'Ivoire,Nigeria,0.0,1.0,False,African Cup of Nations,Ebimpé,Ivory Coast
2024-01-18,Egypt,Ghana,2.0,2.0,True,African Cup of Nations,Abidjan,Ivory Coast
2024-01-19,Hong Kong,Iran,0.0,1.0,True,AFC Asian Cup,Al Rayyan,Qatar
2024-01-19,Iraq,Japan,2.0,1.0,True,AFC Asian Cup,Al Rayyan,Qatar
2024-01-19,Cabo Verde,Mozambique,3.0,0.0,True,African Cup of Nations,Abidjan,Ivory Coast
2024-01-19,Senegal,Cameroon,3.0,1.0,True,African Cup of Nations,Yamoussoukro,Ivory Coast
2024-01-20,Jordan,Korea Republic,2.0,2.0,True,AFC Asian Cup,Doha,Qatar
2024-01-20,Algeria,Burkina Faso,2.0,2.0,True,African Cup of Nations,Bouaké,Ivory Coast
2024-01-20,Tunisia,Mali,1.0,1.0,True,African Cup of Nations,Korhogo,Ivory Coast
2024-01-20,United States,Slovenia,0.0,1.0,False,Friendly,San Antonio,United States
2024-01-21,Kyrgyzstan,Saudi Arabia,0.0,2.0,True,AFC Asian Cup,Al Rayyan,Qatar
2024-01-21,South Africa,Namibia,4.0,0.0,True,African Cup of Nations,Korhogo,Ivory Coast
2024-01-21,Morocco,Congo DR,1.0,1.0,True,African Cup of Nations,San-Pédro,Ivory Coast
2024-01-22,Qatar,China PR,1.0,0.0,False,AFC Asian Cup,Al Rayyan,Qatar
2024-01-22,Côte d'Ivoire,Equatorial Guinea,0.0,4.0,False,African Cup of Nations,Ebimpé,Ivory Coast
2024-01-22,Cabo Verde,Egypt,2.0,2.0,True,African Cup of Nations,Abidjan,Ivory Coast
2024-01-22,Mozambique,Ghana,2.0,2.0,True,African Cup of Nations,Ebimpé,Ivory Coast
2024-01-23,Australia,Uzbekistan,1.0,1.0,True,AFC Asian Cup,Al Wakrah,Qatar
2024-01-23,Iran,United Arab Emirates,2.0,1.0,True,AFC Asian Cup,Al Rayyan,Qatar
2024-01-23,Guinea,Senegal,0.0,2.0,True,African Cup of Nations,Yamoussoukro,Ivory Coast
2024-01-23,Mauritania,Algeria,1.0,0.0,True,African Cup of Nations,Bouaké,Ivory Coast
2024-01-24,Iraq,Vietnam,3.0,2.0,True,AFC Asian Cup,Doha,Qatar
2024-01-24,Japan,Indonesia,3.0,1.0,True,AFC Asian Cup,Doha,Qatar
2024-01-24,South Africa,Tunisia,0.0,0.0,True,African Cup of Nations,Korhogo,Ivory Coast
2024-01-24,Tanzania,Congo DR,0.0,0.0,True,African Cup of Nations,Korhogo,Ivory Coast
2024-01-24,Zambia,Morocco,0.0,1.0,True,African Cup of Nations,San-Pédro,Ivory Coast
2024-01-25,Jordan,Bahrain,0.0,1.0,True,AFC Asian Cup,Al Rayyan,Qatar
2024-01-25,Korea Republic,Malaysia,3.0,3.0,True,AFC Asian Cup,Al Wakrah,Qatar
2024-01-25,Saudi Arabia,Thailand,0.0,0.0,True,AFC Asian Cup,Al Rayyan,Qatar
2024-01-28,Australia,Indonesia,4.0,0.0,True,AFC Asian Cup,Doha,Qatar
2024-01-28,Egypt,Congo DR,1.0,1.0,True,African Cup of Nations,San-Pédro,Ivory Coast
2024-01-29,Iraq,Jordan,2.0,3.0,True,AFC Asian Cup,Al Rayyan,Qatar
2024-01-29,Qatar,Palestine,2.0,1.0,False,AFC Asian Cup,Al Khor,Qatar
2024-01-29,Cabo Verde,Mauritania,1.0,0.0,True,African Cup of Nations,Abidjan,Ivory Coast
2024-01-29,Côte d'Ivoire,Senegal,1.0,1.0,False,African Cup of Nations,Yamoussoukro,Ivory Coast
2024-01-30,Saudi Arabia,Korea Republic,1.0,1.0,True,AFC Asian Cup,Al Rayyan,Qatar
2024-01-30,Uzbekistan,Thailand,2.0,1.0,True,AFC Asian Cup,Al Wakrah,Qatar
2024-01-30,Morocco,South Africa,0.0,2.0,True,African Cup of Nations,San-Pédro,Ivory Coast
2024-01-31,Bahrain,Japan,1.0,3.0,True,AFC Asian Cup,Doha,Qatar
2024-01-31,Iran,Syria,1.0,1.0,True,AFC Asian Cup,Doha,Qatar
2024-02-02,Australia,Korea Republic,1.0,2.0,True,AFC Asian Cup,Al Wakrah,Qatar
2024-02-02,Tajikistan,Jordan,0.0,1.0,True,AFC Asian Cup,Al Rayyan,Qatar
2024-02-02,Congo DR,Guinea,3.0,1.0,True,African Cup of Nations,Ebimpé,Ivory Coast
2024-02-03,Iran,Japan,2.0,1.0,True,AFC Asian Cup,Al Rayyan,Qatar
2024-02-03,Qatar,Uzbekistan,1.0,1.0,False,AFC Asian Cup,Al Khor,Qatar
2024-02-03,Cabo Verde,South Africa,0.0,0.0,True,African Cup of Nations,Yamoussoukro,Ivory Coast
2024-02-03,Côte d'Ivoire,Mali,2.0,1.0,False,African Cup of Nations,Bouaké,Ivory Coast
2024-02-06,Jordan,Korea Republic,2.0,0.0,True,AFC Asian Cup,Al Rayyan,Qatar
2024-02-07,Qatar,Iran,3.0,2.0,False,AFC Asian Cup,Doha,Qatar
2024-02-07,Côte d'Ivoire,Congo DR,1.0,0.0,False,African Cup of Nations,Ebimpé,Ivory Coast
2024-02-07,Nigeria,South Africa,1.0,1.0,True,African Cup of Nations,Bouaké,Ivory Coast
2024-02-10,Qatar,Jordan,3.0,1.0,False,AFC Asian Cup,Lusail,Qatar
2024-02-10,South Africa,Congo DR,0.0,0.0,True,African Cup of Nations,Abidjan,Ivory Coast
2024-02-11,Côte d'Ivoire,Nigeria,2.0,1.0,False,African Cup of Nations,Ebimpé,Ivory Coast
2024-03-21,South Africa,Andorra,1.0,1.0,True,FIFA Series,Annaba,Algeria
2024-03-21,Cabo Verde,Guyana,1.0,0.0,True,FIFA Series,Jeddah,Saudi Arabia
2024-03-21,Panama,Mexico,0.0,3.0,True,CONCACAF Nations League,Arlington,United States
2024-03-21,United States,Jamaica,3.0,1.0,False,CONCACAF Nations League,Arlington,United States
2024-03-21,Bosnia and Herzegovina,Ukraine,1.0,2.0,False,UEFA Euro qualification,Zenica,Bosnia and Herzegovina
2024-03-21,Qatar,Kuwait,3.0,0.0,False,FIFA World Cup qualification,Doha,Qatar
2024-03-21,Japan,North Korea,1.0,0.0,False,FIFA World Cup qualification,Tokyo,Japan
2024-03-21,Korea Republic,Thailand,1.0,1.0,False,FIFA World Cup qualification,Seoul,South Korea
2024-03-21,Iran,Turkmenistan,5.0,0.0,False,FIFA World Cup qualification,Tehran,Iran
2024-03-21,Hong Kong,Uzbekistan,0.0,2.0,False,FIFA World Cup qualification,Hong Kong,Hong Kong
2024-03-21,Iraq,Philippines,1.0,0.0,False,FIFA World Cup qualification,Basra,Iraq
2024-03-21,Pakistan,Jordan,0.0,3.0,False,FIFA World Cup qualification,Islamabad,Pakistan
2024-03-21,Saudi Arabia,Tajikistan,1.0,0.0,False,FIFA World Cup qualification,Riyadh,Saudi Arabia
2024-03-21,Australia,Lebanon,2.0,0.0,False,FIFA World Cup qualification,Sydney,Australia
2024-03-21,Ecuador,Guatemala,2.0,0.0,True,Friendly,Harrison,United States
2024-03-21,Portugal,Sweden,5.0,2.0,False,Friendly,Guimarães,Portugal
2024-03-22,Algeria,Bolivia,3.0,2.0,False,FIFA Series,Algiers,Algeria
2024-03-22,Egypt,New Zealand,1.0,0.0,False,FIFA Series,Cairo,Egypt
2024-03-22,Argentina,El Salvador,3.0,0.0,True,Friendly,Philadelphia,United States
2024-03-22,Hungary,Türkiye,1.0,0.0,False,Friendly,Budapest,Hungary
2024-03-22,Morocco,Angola,1.0,0.0,False,Friendly,Agadir,Morocco
2024-03-22,Netherlands,Scotland,4.0,0.0,False,Friendly,Amsterdam,Netherlands
2024-03-22,Nigeria,Ghana,2.0,1.0,True,Friendly,Marrakech,Morocco
2024-03-22,Norway,Czechia,1.0,2.0,False,Friendly,Oslo,Norway
2024-03-22,Senegal,Gabon,3.0,0.0,True,Friendly,Amiens,France
2024-03-22,Spain,Colombia,0.0,1.0,True,Friendly,London,England
2024-03-23,Tunisia,Croatia,0.0,0.0,True,FIFA Series,Cairo,Egypt
2024-03-23,Canada,Trinidad and Tobago,2.0,0.0,True,Copa América qualification,Frisco,United States
2024-03-23,Denmark,Switzerland,0.0,0.0,False,Friendly,Copenhagen,Denmark
2024-03-23,England,Brazil,0.0,1.0,False,Friendly,London,England
2024-03-23,France,Germany,0.0,2.0,False,Friendly,Lyon,France
2024-03-23,Côte d'Ivoire,Benin,2.0,2.0,True,Friendly,Amiens,France
2024-03-23,Ireland,Belgium,0.0,0.0,False,Friendly,Dublin,Republic of Ireland
2024-03-23,Slovakia,Austria,0.0,2.0,False,Friendly,Bratislava,Slovakia
2024-03-24,Jamaica,Panama,1.0,0.0,True,CONCACAF Nations League,Arlington,United States
2024-03-24,United States,Mexico,2.0,0.0,False,CONCACAF Nations League,Arlington,United States
2024-03-24,Ecuador,Italy,0.0,2.0,True,Friendly,Harrison,United States
2024-03-25,Cabo Verde,Equatorial Guinea,1.0,0.0,True,FIFA Series,Jeddah,Saudi Arabia
2024-03-25,Sweden,Albania,1.0,0.0,False,Friendly,Stockholm,Sweden
2024-03-26,Algeria,South Africa,3.0,3.0,False,FIFA Series,Algiers,Algeria
2024-03-26,Egypt,Croatia,2.0,4.0,False,FIFA Series,Cairo,Egypt
2024-03-26,New Zealand,Tunisia,0.0,0.0,True,FIFA Series,Cairo,Egypt
2024-03-26,Kuwait,Qatar,1.0,2.0,False,FIFA World Cup qualification,Al Farwaniyah,Kuwait
2024-03-26,Thailand,Korea Republic,0.0,3.0,False,FIFA World Cup qualification,Bangkok,Thailand
2024-03-26,Uzbekistan,Hong Kong,3.0,0.0,False,FIFA World Cup qualification,Tashkent,Uzbekistan
2024-03-26,Turkmenistan,Iran,0.0,1.0,False,FIFA World Cup qualification,Ashgabat,Turkmenistan
2024-03-26,Philippines,Iraq,0.0,5.0,False,FIFA World Cup qualification,Manila,Philippines
2024-03-26,Tajikistan,Saudi Arabia,1.0,1.0,False,FIFA World Cup qualification,Dushanbe,Tajikistan
2024-03-26,Jordan,Pakistan,7.0,0.0,False,FIFA World Cup qualification,Amman,Jordan
2024-03-26,Australia,Lebanon,5.0,0.0,False,FIFA World Cup qualification,Canberra,Australia
2024-03-26,Argentina,Costa Rica,3.0,1.0,True,Friendly,Los Angeles,United States
2024-03-26,Austria,Türkiye,6.0,1.0,False,Friendly,Vienna,Austria
2024-03-26,Colombia,Romania,3.0,2.0,True,Friendly,Madrid,Spain
2024-03-26,Czechia,Armenia,2.0,1.0,False,Friendly,Prague,Czech Republic
2024-03-26,England,Belgium,2.0,2.0,False,Friendly,London,England
2024-03-26,France,Chile,3.0,2.0,False,Friendly,Marseille,France
2024-03-26,Germany,Netherlands,2.0,1.0,False,Friendly,Frankfurt,Germany
2024-03-26,Côte d'Ivoire,Uruguay,2.0,1.0,True,Friendly,Lens,France
2024-03-26,Morocco,Mauritania,0.0,0.0,False,Friendly,Agadir,Morocco
2024-03-26,Norway,Slovakia,1.0,1.0,False,Friendly,Oslo,Norway
2024-03-26,Ireland,Switzerland,0.0,1.0,False,Friendly,Dublin,Republic of Ireland
2024-03-26,Scotland,Northern Ireland,0.0,1.0,False,Friendly,Glasgow,Scotland
2024-03-26,Senegal,Benin,1.0,0.0,True,Friendly,Amiens,France
2024-03-26,Slovenia,Portugal,2.0,0.0,False,Friendly,Ljubljana,Slovenia
2024-03-26,Spain,Brazil,3.0,3.0,False,Friendly,Madrid,Spain
2024-05-21,Galicia,Panama,0.0,2.0,False,Friendly,Vigo,Spain
2024-05-21,Basque Country,Uruguay,1.0,1.0,False,Friendly,Bilbao,Spain
2024-05-31,Bolivia,Mexico,0.0,1.0,True,Friendly,Chicago,United States
2024-05-31,Costa Rica,Uruguay,0.0,0.0,False,Friendly,San José,Costa Rica
2024-06-03,Croatia,North Macedonia,3.0,0.0,False,Friendly,Rijeka,Croatia
2024-06-03,England,Bosnia and Herzegovina,3.0,0.0,False,Friendly,Newcastle,England
2024-06-03,Germany,Ukraine,0.0,0.0,False,Friendly,Nuremberg,Germany
2024-06-03,Gibraltar,Scotland,0.0,2.0,True,Friendly,Faro-Loulé,Portugal
2024-06-04,Austria,Serbia,2.0,1.0,False,Friendly,Vienna,Austria
2024-06-04,Italy,Türkiye,0.0,0.0,False,Friendly,Bologna,Italy
2024-06-04,Portugal,Finland,4.0,2.0,False,Friendly,Lisbon,Portugal
2024-06-04,Switzerland,Estonia,4.0,0.0,False,Friendly,Lucerne,Switzerland
2024-06-05,Belgium,Montenegro,2.0,0.0,False,Friendly,Brussels,Belgium
2024-06-05,Denmark,Sweden,2.0,1.0,False,Friendly,Copenhagen,Denmark
2024-06-05,France,Luxembourg,3.0,0.0,False,Friendly,Metz,France
2024-06-05,Mexico,Uruguay,0.0,4.0,True,Friendly,Denver,United States
2024-06-05,Norway,Kosovo,3.0,0.0,False,Friendly,Oslo,Norway
2024-06-05,Spain,Andorra,5.0,0.0,False,Friendly,Badajoz,Spain
2024-06-05,Tunisia,Equatorial Guinea,1.0,0.0,False,FIFA World Cup qualification,Radès,Tunisia
2024-06-05,Curaçao,Barbados,4.0,1.0,False,FIFA World Cup qualification,Willemstad,Curaçao
2024-06-06,Netherlands,Canada,4.0,0.0,False,Friendly,Rotterdam,Netherlands
2024-06-06,Egypt,Burkina Faso,2.0,1.0,False,FIFA World Cup qualification,Cairo,Egypt
2024-06-06,Senegal,Congo DR,1.0,1.0,False,FIFA World Cup qualification,Diamniadio,Senegal
2024-06-06,Algeria,Guinea,1.0,2.0,False,FIFA World Cup qualification,Algiers,Algeria
2024-06-06,Mali,Ghana,1.0,2.0,False,FIFA World Cup qualification,Bamako,Mali
2024-06-06,Afghanistan,Qatar,0.0,0.0,True,FIFA World Cup qualification,Al Hofuf,Saudi Arabia
2024-06-06,Myanmar,Japan,0.0,5.0,False,FIFA World Cup qualification,Yangon,Myanmar
2024-06-06,Singapore,Korea Republic,0.0,7.0,False,FIFA World Cup qualification,Kallang,Singapore
2024-06-06,Uzbekistan,Turkmenistan,3.0,1.0,False,FIFA World Cup qualification,Tashkent,Uzbekistan
2024-06-06,Hong Kong,Iran,2.0,4.0,False,FIFA World Cup qualification,Hong Kong,Hong Kong
2024-06-06,Indonesia,Iraq,0.0,2.0,False,FIFA World Cup qualification,Jakarta,Indonesia
2024-06-06,Jordan,Tajikistan,3.0,0.0,False,FIFA World Cup qualification,Amman,Jordan
2024-06-06,Pakistan,Saudi Arabia,0.0,3.0,False,FIFA World Cup qualification,Islamabad,Pakistan
2024-06-06,Bangladesh,Australia,0.0,2.0,False,FIFA World Cup qualification,Dhaka,Bangladesh
2024-06-06,Haiti,Saint Lucia,2.0,1.0,True,FIFA World Cup qualification,Bridgetown,Barbados
2024-06-06,Panama,Guyana,2.0,0.0,False,FIFA World Cup qualification,Panama City,Panama
2024-06-07,Czechia,Malta,7.0,1.0,True,Friendly,Grödig,Austria
2024-06-07,England,Iceland,0.0,1.0,False,Friendly,London,England
2024-06-07,Germany,Greece,2.0,1.0,False,Friendly,Mönchengladbach,Germany
2024-06-07,Peru,Paraguay,0.0,0.0,False,Friendly,Lima,Peru
2024-06-07,Scotland,Finland,2.0,2.0,False,Friendly,Glasgow,Scotland
2024-06-07,Nigeria,South Africa,1.0,1.0,False,FIFA World Cup qualification,Uyo,Nigeria
2024-06-07,Morocco,Zambia,2.0,1.0,False,FIFA World Cup qualification,Agadir,Morocco
2024-06-07,Côte d'Ivoire,Gabon,1.0,0.0,False,FIFA World Cup qualification,Korhogo,Ivory Coast
2024-06-08,Belgium,Luxembourg,3.0,0.0,False,Friendly,Brussels,Belgium
2024-06-08,Denmark,Norway,3.0,1.0,False,Friendly,Brondbyvester,Denmark
2024-06-08,Mexico,Brazil,2.0,3.0,True,Friendly,College Station,United States
2024-06-08,Portugal,Croatia,1.0,2.0,False,Friendly,Oeiras,Portugal
2024-06-08,Spain,Northern Ireland,5.0,1.0,False,Friendly,Mallorca,Spain
2024-06-08,Sweden,Serbia,0.0,3.0,False,Friendly,Stockholm,Sweden
2024-06-08,Switzerland,Austria,1.0,1.0,False,Friendly,St. Gallen,Switzerland
2024-06-08,United States,Colombia,1.0,5.0,False,Friendly,Landover,United States
2024-06-08,Cameroon,Cabo Verde,4.0,1.0,False,FIFA World Cup qualification,Yaoundé,Cameroon
2024-06-08,Aruba,Curaçao,0.0,2.0,False,FIFA World Cup qualification,Oranjestad,Aruba
2024-06-09,Argentina,Ecuador,1.0,0.0,True,Friendly,Chicago,United States
2024-06-09,France,Canada,0.0,0.0,False,Friendly,Bordeaux,France
2024-06-09,Italy,Bosnia and Herzegovina,1.0,0.0,False,Friendly,Empoli,Italy
2024-06-09,Mauritania,Senegal,0.0,1.0,False,FIFA World Cup qualification,Nouakchott,Mauritania
2024-06-09,Congo DR,Togo,1.0,0.0,False,FIFA World Cup qualification,Kinshasa,DR Congo
2024-06-09,Namibia,Tunisia,0.0,0.0,True,FIFA World Cup qualification,Johannesburg,South Africa
2024-06-09,Barbados,Haiti,1.0,3.0,False,FIFA World Cup qualification,Bridgetown,Barbados
2024-06-09,Montserrat,Panama,1.0,3.0,True,FIFA World Cup qualification,Managua,Nicaragua
2024-06-10,Czechia,North Macedonia,2.0,1.0,False,Friendly,Hradec Králové,Czech Republic
2024-06-10,Netherlands,Iceland,4.0,0.0,False,Friendly,Rotterdam,Netherlands
2024-06-10,Poland,Türkiye,2.0,1.0,False,Friendly,Warsaw,Poland
2024-06-10,Guinea-Bissau,Egypt,1.0,1.0,False,FIFA World Cup qualification,Bissau,Guinea-Bissau
2024-06-10,Uganda,Algeria,1.0,2.0,False,FIFA World Cup qualification,Kira,Uganda
2024-06-10,Ghana,Central African Republic,4.0,3.0,False,FIFA World Cup qualification,Kumasi,Ghana
2024-06-11,Chile,Paraguay,3.0,0.0,False,Friendly,Santiago,Chile
2024-06-11,Portugal,Ireland,3.0,0.0,False,Friendly,Aveiro,Portugal
2024-06-11,South Africa,Zimbabwe,3.0,1.0,False,FIFA World Cup qualification,Bloemfontein,South Africa
2024-06-11,Cabo Verde,Libya,1.0,0.0,False,FIFA World Cup qualification,Praia,Cape Verde
2024-06-11,Morocco,Congo,6.0,0.0,False,FIFA World Cup qualification,Agadir,Morocco
2024-06-11,Kenya,Côte d'Ivoire,0.0,0.0,True,FIFA World Cup qualification,Lilongwe,Malawi
2024-06-11,Qatar,India,2.0,1.0,False,FIFA World Cup qualification,Al Rayyan,Qatar
2024-06-11,Japan,Syria,5.0,0.0,False,FIFA World Cup qualification,Hiroshima,Japan
2024-06-11,Korea Republic,China PR,1.0,0.0,False,FIFA World Cup qualification,Seoul,South Korea
2024-06-11,Iran,Uzbekistan,0.0,0.0,False,FIFA World Cup qualification,Tehran,Iran
2024-06-11,Iraq,Vietnam,3.0,1.0,False,FIFA World Cup qualification,Basra,Iraq
2024-06-11,Saudi Arabia,Jordan,1.0,2.0,False,FIFA World Cup qualification,Riyadh,Saudi Arabia
2024-06-11,Australia,Palestine,5.0,0.0,False,FIFA World Cup qualification,Perth,Australia
2024-06-12,Ecuador,Bolivia,3.0,1.0,True,Friendly,Chester,United States
2024-06-12,United States,Brazil,1.0,1.0,False,Friendly,Orlando,United States
2024-06-14,Germany,Scotland,5.0,1.0,False,UEFA Euro,Munich,Germany
2024-06-14,Argentina,Guatemala,4.0,1.0,True,Friendly,Landover,United States
2024-06-15,Hungary,Switzerland,1.0,3.0,True,UEFA Euro,Cologne,Germany
2024-06-15,Spain,Croatia,3.0,0.0,True,UEFA Euro,Berlin,Germany
2024-06-15,Colombia,Bolivia,3.0,0.0,True,Friendly,Denver,United States
2024-06-16,Ecuador,Honduras,2.0,1.0,True,Friendly,Hartford,United States
2024-06-16,Serbia,England,0.0,1.0,True,UEFA Euro,Gelsenkirchen,Germany
2024-06-16,Poland,Netherlands,1.0,2.0,True,UEFA Euro,Hamburg,Germany
2024-06-16,Panama,Paraguay,0.0,1.0,False,Friendly,Panama City,Panama
2024-06-17,Austria,France,0.0,1.0,True,UEFA Euro,Düsseldorf,Germany
2024-06-17,Belgium,Slovakia,0.0,1.0,True,UEFA Euro,Frankfurt,Germany
2024-06-18,Türkiye,Georgia,3.0,1.0,True,UEFA Euro,Dortmund,Germany
2024-06-18,Portugal,Czechia,2.0,1.0,True,UEFA Euro,Leipzig,Germany
2024-06-18,New Zealand,Solomon Islands,3.0,0.0,True,Oceania Nations Cup,Port Vila,Vanuatu
2024-06-19,Germany,Hungary,2.0,0.0,False,UEFA Euro,Stuttgart,Germany
2024-06-19,Scotland,Switzerland,1.0,1.0,True,UEFA Euro,Cologne,Germany
2024-06-19,Croatia,Albania,2.0,2.0,True,UEFA Euro,Hamburg,Germany
2024-06-20,Spain,Italy,1.0,0.0,True,UEFA Euro,Gelsenkirchen,Germany
2024-06-20,Denmark,England,1.0,1.0,True,UEFA Euro,Frankfurt,Germany
2024-06-20,Argentina,Canada,2.0,0.0,True,Copa América,Atlanta,United States
2024-06-21,Poland,Austria,1.0,3.0,True,UEFA Euro,Berlin,Germany
2024-06-21,Netherlands,France,0.0,0.0,True,UEFA Euro,Leipzig,Germany
2024-06-21,Vanuatu,New Zealand,0.0,4.0,False,Oceania Nations Cup,Port Vila,Vanuatu
2024-06-22,Belgium,Romania,2.0,0.0,True,UEFA Euro,Cologne,Germany
2024-06-22,Georgia,Czechia,1.0,1.0,True,UEFA Euro,Hamburg,Germany
2024-06-22,Türkiye,Portugal,0.0,3.0,True,UEFA Euro,Dortmund,Germany
2024-06-22,Ecuador,Venezuela,1.0,2.0,True,Copa América,Santa Clara,United States
2024-06-22,Mexico,Jamaica,1.0,0.0,True,Copa América,Houston,United States
2024-06-23,Germany,Switzerland,1.0,1.0,False,UEFA Euro,Frankfurt,Germany
2024-06-23,Scotland,Hungary,0.0,1.0,True,UEFA Euro,Stuttgart,Germany
2024-06-23,United States,Bolivia,2.0,0.0,False,Copa América,Arlington,United States
2024-06-23,Uruguay,Panama,3.0,1.0,True,Copa América,Miami Gardens,United States
2024-06-24,Albania,Spain,0.0,1.0,True,UEFA Euro,Düsseldorf,Germany
2024-06-24,Croatia,Italy,1.0,1.0,True,UEFA Euro,Leipzig,Germany
2024-06-24,Colombia,Paraguay,2.0,1.0,True,Copa América,Houston,United States
2024-06-24,Brazil,Costa Rica,0.0,0.0,True,Copa América,Inglewood,United States
2024-06-25,England,Slovenia,0.0,0.0,True,UEFA Euro,Cologne,Germany
2024-06-25,Netherlands,Austria,2.0,3.0,True,UEFA Euro,Berlin,Germany
2024-06-25,France,Poland,1.0,1.0,True,UEFA Euro,Dortmund,Germany
2024-06-25,Peru,Canada,0.0,1.0,True,Copa América,Kansas City,United States
2024-06-25,Chile,Argentina,0.0,1.0,True,Copa América,East Rutherford,United States
2024-06-26,Ukraine,Belgium,0.0,0.0,True,UEFA Euro,Stuttgart,Germany
2024-06-26,Georgia,Portugal,2.0,0.0,True,UEFA Euro,Gelsenkirchen,Germany
2024-06-26,Czechia,Türkiye,1.0,2.0,True,UEFA Euro,Hamburg,Germany
2024-06-26,Ecuador,Jamaica,3.0,1.0,True,Copa América,Las Vegas,United States
2024-06-26,Venezuela,Mexico,1.0,0.0,True,Copa América,Inglewood,United States
2024-06-27,New Zealand,Tahiti,5.0,0.0,True,Oceania Nations Cup,Port Vila,Vanuatu
2024-06-27,United States,Panama,1.0,2.0,False,Copa América,Atlanta,United States
2024-06-27,Uruguay,Bolivia,5.0,0.0,True,Copa América,East Rutherford,United States
2024-06-28,Colombia,Costa Rica,3.0,0.0,True,Copa América,Glendale,United States
2024-06-28,Paraguay,Brazil,1.0,4.0,True,Copa América,Las Vegas,United States
2024-06-29,Switzerland,Italy,2.0,0.0,True,UEFA Euro,Berlin,Germany
2024-06-29,Germany,Denmark,2.0,0.0,False,UEFA Euro,Dortmund,Germany
2024-06-29,Argentina,Peru,2.0,0.0,True,Copa América,Miami Gardens,United States
2024-06-29,Canada,Chile,0.0,0.0,True,Copa América,Orlando,United States
2024-06-30,England,Slovakia,2.0,1.0,True,UEFA Euro,Gelsenkirchen,Germany
2024-06-30,Spain,Georgia,4.0,1.0,True,UEFA Euro,Cologne,Germany
2024-06-30,Vanuatu,New Zealand,0.0,3.0,False,Oceania Nations Cup,Port Vila,Vanuatu
2024-06-30,Mexico,Ecuador,0.0,0.0,True,Copa América,Glendale,United States
2024-07-01,France,Belgium,1.0,0.0,True,UEFA Euro,Düsseldorf,Germany
2024-07-01,Portugal,Slovenia,0.0,0.0,True,UEFA Euro,Frankfurt,Germany
2024-07-01,United States,Uruguay,0.0,1.0,False,Copa América,Kansas City,United States
2024-07-01,Bolivia,Panama,1.0,3.0,True,Copa América,Orlando,United States
2024-07-02,Romania,Netherlands,0.0,3.0,True,UEFA Euro,Munich,Germany
2024-07-02,Austria,Türkiye,1.0,2.0,True,UEFA Euro,Leipzig,Germany
2024-07-02,Brazil,Colombia,1.0,1.0,True,Copa América,Santa Clara,United States
2024-07-02,Costa Rica,Paraguay,2.0,1.0,True,Copa América,Austin,United States
2024-07-04,Argentina,Ecuador,1.0,1.0,True,Copa América,Houston,United States
2024-07-05,Germany,Spain,1.0,2.0,False,UEFA Euro,Stuttgart,Germany
2024-07-05,Portugal,France,0.0,0.0,True,UEFA Euro,Hamburg,Germany
2024-07-05,Venezuela,Canada,1.0,1.0,True,Copa América,Arlington,United States
2024-07-06,England,Switzerland,1.0,1.0,True,UEFA Euro,Düsseldorf,Germany
2024-07-06,Netherlands,Türkiye,2.0,1.0,True,UEFA Euro,Berlin,Germany
2024-07-06,Uruguay,Brazil,0.0,0.0,True,Copa América,Las Vegas,United States
2024-07-06,Colombia,Panama,5.0,0.0,True,Copa América,Glendale,United States
2024-07-09,Spain,France,2.0,1.0,True,UEFA Euro,Munich,Germany
2024-07-09,Argentina,Canada,2.0,0.0,True,Copa América,East Rutherford,United States
2024-07-10,Netherlands,England,1.0,2.0,True,UEFA Euro,Dortmund,Germany
2024-07-10,Uruguay,Colombia,0.0,1.0,True,Copa América,Charlotte,United States
2024-07-13,Canada,Uruguay,2.0,2.0,True,Copa América,Charlotte,United States
2024-07-14,Spain,England,2.0,1.0,True,UEFA Euro,Berlin,Germany
2024-07-14,Argentina,Colombia,1.0,0.0,True,Copa América,Miami Gardens,United States
2024-07-27,Jordan,North Korea,0.0,0.0,False,Friendly,Amman,Jordan
2024-08-29,Jordan,North Korea,2.0,1.0,False,Friendly,Amman,Jordan
2024-09-01,Guatemala,Uruguay,1.0,1.0,True,Friendly,Fort Lauderdale,United States
2024-09-05,Tunisia,Madagascar,1.0,0.0,False,African Cup of Nations qualification,Radès,Tunisia
2024-09-05,Algeria,Equatorial Guinea,2.0,0.0,False,African Cup of Nations qualification,Oran,Algeria
2024-09-05,Ghana,Angola,0.0,1.0,False,African Cup of Nations qualification,Kumasi,Ghana
2024-09-05,Portugal,Croatia,2.0,1.0,False,UEFA Nations League,Lisbon,Portugal
2024-09-05,Scotland,Poland,2.0,3.0,False,UEFA Nations League,Glasgow,Scotland
2024-09-05,Denmark,Switzerland,2.0,0.0,False,UEFA Nations League,Copenhagen,Denmark
2024-09-05,Serbia,Spain,0.0,0.0,False,UEFA Nations League,Belgrade,Serbia
2024-09-05,Azerbaijan,Sweden,1.0,3.0,False,UEFA Nations League,Baku,Azerbaijan
2024-09-05,Argentina,Chile,3.0,0.0,False,FIFA World Cup qualification,Buenos Aires,Argentina
2024-09-05,Qatar,United Arab Emirates,1.0,3.0,False,FIFA World Cup qualification,Al Rayyan,Qatar
2024-09-05,Uzbekistan,North Korea,1.0,0.0,False,FIFA World Cup qualification,Tashkent,Uzbekistan
2024-09-05,Iran,Kyrgyzstan,1.0,0.0,False,FIFA World Cup qualification,Fuladshahr,Iran
2024-09-05,Iraq,Oman,1.0,0.0,False,FIFA World Cup qualification,Basra,Iraq
2024-09-05,Korea Republic,Palestine,0.0,0.0,False,FIFA World Cup qualification,Seoul,South Korea
2024-09-05,Jordan,Kuwait,1.0,1.0,False,FIFA World Cup qualification,Amman,Jordan
2024-09-05,Japan,China PR,7.0,0.0,False,FIFA World Cup qualification,Saitama,Japan
2024-09-05,Australia,Bahrain,0.0,1.0,False,FIFA World Cup qualification,Robina,Australia
2024-09-05,Saudi Arabia,Indonesia,1.0,1.0,False,FIFA World Cup qualification,Jeddah,Saudi Arabia
2024-09-06,Morocco,Gabon,4.0,1.0,False,African Cup of Nations qualification,Agadir,Morocco
2024-09-06,Egypt,Cabo Verde,3.0,0.0,False,African Cup of Nations qualification,Cairo,Egypt
2024-09-06,Côte d'Ivoire,Zambia,2.0,0.0,False,African Cup of Nations qualification,Bouaké,Ivory Coast
2024-09-06,Congo DR,Guinea,1.0,0.0,False,African Cup of Nations qualification,Kinshasa,DR Congo
2024-09-06,South Africa,Uganda,2.0,2.0,False,African Cup of Nations qualification,Johannesburg,South Africa
2024-09-06,Senegal,Burkina Faso,1.0,1.0,False,African Cup of Nations qualification,Diamniadio,Senegal
2024-09-06,Saint Lucia,Curaçao,2.0,1.0,True,CONCACAF Nations League,Saint George's,Grenada
2024-09-06,Puerto Rico,Haiti,1.0,4.0,False,CONCACAF Nations League,Mayagüez,Puerto Rico
2024-09-06,Belgium,Israel,3.0,1.0,True,UEFA Nations League,Debrecen,Hungary
2024-09-06,France,Italy,1.0,3.0,False,UEFA Nations League,Paris,France
2024-09-06,Kazakhstan,Norway,0.0,0.0,False,UEFA Nations League,Almaty,Kazakhstan
2024-09-06,Slovenia,Austria,1.0,1.0,False,UEFA Nations League,Ljubljana,Slovenia
2024-09-06,Wales,Türkiye,0.0,0.0,False,UEFA Nations League,Cardiff,Wales
2024-09-06,Peru,Colombia,1.0,1.0,False,FIFA World Cup qualification,Lima,Peru
2024-09-06,Uruguay,Paraguay,0.0,0.0,False,FIFA World Cup qualification,Montevideo,Uruguay
2024-09-06,Brazil,Ecuador,1.0,0.0,False,FIFA World Cup qualification,Curitiba,Brazil
2024-09-07,Mexico,New Zealand,3.0,0.0,True,Friendly,Pasadena,United States
2024-09-07,United States,Canada,1.0,2.0,False,Friendly,Kansas City,United States
2024-09-07,Germany,Hungary,5.0,0.0,False,UEFA Nations League,Düsseldorf,Germany
2024-09-07,Netherlands,Bosnia and Herzegovina,5.0,2.0,False,UEFA Nations League,Eindhoven,Netherlands
2024-09-07,Georgia,Czechia,4.0,1.0,False,UEFA Nations League,Tbilisi,Georgia
2024-09-07,Ireland,England,0.0,2.0,False,UEFA Nations League,Dublin,Republic of Ireland
2024-09-08,Gambia,Tunisia,1.0,2.0,True,African Cup of Nations qualification,El Jadida,Morocco
2024-09-08,Portugal,Scotland,2.0,1.0,False,UEFA Nations League,Lisbon,Portugal
2024-09-08,Croatia,Poland,1.0,0.0,False,UEFA Nations League,Osijek,Croatia
2024-09-08,Switzerland,Spain,1.0,4.0,False,UEFA Nations League,Geneva,Switzerland
2024-09-08,Sweden,Estonia,3.0,0.0,False,UEFA Nations League,Stockholm,Sweden
2024-09-09,Morocco,Lesotho,1.0,0.0,False,African Cup of Nations qualification,Agadir,Morocco
2024-09-09,Niger,Ghana,1.0,1.0,True,African Cup of Nations qualification,Berkane,Morocco
2024-09-09,Ethiopia,Congo DR,0.0,2.0,True,African Cup of Nations qualification,Dar es Salaam,Tanzania
2024-09-09,Burundi,Senegal,0.0,1.0,True,African Cup of Nations qualification,Lilongwe,Malawi
2024-09-09,Curaçao,Saint Martin,4.0,0.0,True,CONCACAF Nations League,Saint George's,Grenada
2024-09-09,Haiti,Sint Maarten,6.0,0.0,True,CONCACAF Nations League,Mayagüez,Puerto Rico
2024-09-09,France,Belgium,2.0,0.0,False,UEFA Nations League,Décines-Charpieu,France
2024-09-09,Norway,Austria,2.0,1.0,False,UEFA Nations League,Oslo,Norway
2024-09-09,Türkiye,Iceland,3.0,1.0,False,UEFA Nations League,Izmir,Turkey
2024-09-10,Mexico,Canada,0.0,0.0,True,Friendly,Arlington,United States
2024-09-10,United States,New Zealand,1.0,1.0,False,Friendly,Cincinnati,United States
2024-09-10,Botswana,Egypt,0.0,4.0,False,African Cup of Nations qualification,Francistown,Botswana
2024-09-10,Cabo Verde,Mauritania,2.0,0.0,False,African Cup of Nations qualification,Praia,Cape Verde
2024-09-10,Liberia,Algeria,0.0,3.0,False,African Cup of Nations qualification,Monrovia,Liberia
2024-09-10,Chad,Côte d'Ivoire,0.0,2.0,True,African Cup of Nations qualification,Yaounde,Cameroon
2024-09-10,South Sudan,South Africa,2.0,3.0,False,African Cup of Nations qualification,Juba,South Sudan
2024-09-10,Hungary,Bosnia and Herzegovina,0.0,0.0,False,UEFA Nations League,Budapest,Hungary
2024-09-10,Netherlands,Germany,2.0,2.0,False,UEFA Nations League,Amsterdam,Netherlands
2024-09-10,Czechia,Ukraine,3.0,2.0,False,UEFA Nations League,Prague,Czech Republic
2024-09-10,England,Finland,2.0,0.0,False,UEFA Nations League,London,England
2024-09-10,Colombia,Argentina,2.0,1.0,False,FIFA World Cup qualification,Barranquilla,Colombia
2024-09-10,Ecuador,Peru,1.0,0.0,False,FIFA World Cup qualification,Quito,Ecuador
2024-09-10,Venezuela,Uruguay,0.0,0.0,False,FIFA World Cup qualification,Maturín,Venezuela
2024-09-10,Paraguay,Brazil,1.0,0.0,False,FIFA World Cup qualification,Asunción,Paraguay
2024-09-10,North Korea,Qatar,2.0,2.0,True,FIFA World Cup qualification,Vientiane,Laos
2024-09-10,Kyrgyzstan,Uzbekistan,2.0,3.0,False,FIFA World Cup qualification,Bishkek,Kyrgyzstan
2024-09-10,United Arab Emirates,Iran,0.0,1.0,False,FIFA World Cup qualification,Al Ain,United Arab Emirates
2024-09-10,Oman,Korea Republic,1.0,3.0,False,FIFA World Cup qualification,Muscat,Oman
2024-09-10,Kuwait,Iraq,0.0,0.0,False,FIFA World Cup qualification,Kuwait City,Kuwait
2024-09-10,Palestine,Jordan,1.0,3.0,True,FIFA World Cup qualification,Kuala Lumpur,Malaysia
2024-09-10,Bahrain,Japan,0.0,5.0,False,FIFA World Cup qualification,Riffa,Bahrain
2024-09-10,Indonesia,Australia,0.0,0.0,False,FIFA World Cup qualification,Jakarta,Indonesia
2024-09-10,China PR,Saudi Arabia,1.0,2.0,False,FIFA World Cup qualification,Dalian,China PR
2024-10-10,Cabo Verde,Botswana,0.0,1.0,False,African Cup of Nations qualification,Praia,Cape Verde
2024-10-10,Algeria,Togo,5.0,1.0,False,African Cup of Nations qualification,Annaba,Algeria
2024-10-10,Ghana,Sudan,0.0,0.0,False,African Cup of Nations qualification,Accra,Ghana
2024-10-10,Congo DR,Tanzania,1.0,0.0,False,African Cup of Nations qualification,Kinshasa,DR Congo
2024-10-10,Israel,France,1.0,4.0,True,UEFA Nations League,Budapest,Hungary
2024-10-10,Italy,Belgium,2.0,2.0,False,UEFA Nations League,Rome,Italy
2024-10-10,England,Greece,1.0,2.0,False,UEFA Nations League,London,England
2024-10-10,Austria,Kazakhstan,4.0,0.0,False,UEFA Nations League,Salzburg,Austria
2024-10-10,Norway,Slovenia,3.0,0.0,False,UEFA Nations League,Oslo,Norway
2024-10-10,Bolivia,Colombia,1.0,0.0,False,FIFA World Cup qualification,El Alto,Bolivia
2024-10-10,Ecuador,Paraguay,0.0,0.0,False,FIFA World Cup qualification,Quito,Ecuador
2024-10-10,Venezuela,Argentina,1.0,1.0,False,FIFA World Cup qualification,Maturín,Venezuela
2024-10-10,Chile,Brazil,1.0,2.0,False,FIFA World Cup qualification,Santiago,Chile
2024-10-10,Qatar,Kyrgyzstan,3.0,1.0,False,FIFA World Cup qualification,Doha,Qatar
2024-10-10,Uzbekistan,Iran,0.0,0.0,False,FIFA World Cup qualification,Tashkent,Uzbekistan
2024-10-10,Jordan,Korea Republic,0.0,2.0,False,FIFA World Cup qualification,Amman,Jordan
2024-10-10,Iraq,Palestine,1.0,0.0,False,FIFA World Cup qualification,Basra,Iraq
2024-10-10,Australia,China PR,3.0,1.0,False,FIFA World Cup qualification,Adelaide,Australia
2024-10-10,Saudi Arabia,Japan,0.0,2.0,False,FIFA World Cup qualification,Jeddah,Saudi Arabia
2024-10-11,Tunisia,Comoros,0.0,1.0,False,African Cup of Nations qualification,Radès,Tunisia
2024-10-11,Egypt,Mauritania,2.0,0.0,False,African Cup of Nations qualification,Cairo,Egypt
2024-10-11,Côte d'Ivoire,Sierra Leone,4.0,1.0,False,African Cup of Nations qualification,San-Pédro,Ivory Coast
2024-10-11,South Africa,Congo,5.0,0.0,False,African Cup of Nations qualification,Gqeberha,South Africa
2024-10-11,Senegal,Malawi,4.0,0.0,False,African Cup of Nations qualification,Diamniadio,Senegal
2024-10-11,Grenada,Curaçao,0.0,0.0,True,CONCACAF Nations League,Gros Islet,Saint Lucia
2024-10-11,Aruba,Haiti,1.0,3.0,False,CONCACAF Nations League,Oranjestad,Aruba
2024-10-11,Bosnia and Herzegovina,Germany,1.0,2.0,False,UEFA Nations League,Zenica,Bosnia and Herzegovina
2024-10-11,Hungary,Netherlands,1.0,1.0,False,UEFA Nations League,Budapest,Hungary
2024-10-11,Czechia,Albania,2.0,0.0,False,UEFA Nations League,Prague,Czech Republic
2024-10-11,Türkiye,Montenegro,1.0,0.0,False,UEFA Nations League,Tekkeköy,Turkey
2024-10-11,Slovakia,Sweden,2.0,2.0,False,UEFA Nations League,Bratislava,Slovakia
2024-10-11,Peru,Uruguay,1.0,0.0,False,FIFA World Cup qualification,Lima,Peru
2024-10-11,New Zealand,Tahiti,3.0,0.0,True,FIFA World Cup qualification,Port Vila,Vanuatu
2024-10-12,United States,Panama,2.0,0.0,False,Friendly,Austin,United States
2024-10-12,Morocco,Central African Republic,5.0,0.0,False,African Cup of Nations qualification,Oujda,Morocco
2024-10-12,Croatia,Scotland,2.0,1.0,False,UEFA Nations League,Zagreb,Croatia
2024-10-12,Poland,Portugal,1.0,3.0,False,UEFA Nations League,Warsaw,Poland
2024-10-12,Serbia,Switzerland,2.0,0.0,False,UEFA Nations League,Leskovac,Serbia
2024-10-12,Spain,Denmark,1.0,0.0,False,UEFA Nations League,Murcia,Spain
2024-10-13,Finland,England,1.0,3.0,False,UEFA Nations League,Helsinki,Finland
2024-10-13,Austria,Norway,5.0,1.0,False,UEFA Nations League,Linz,Austria
2024-10-14,New Zealand,Malaysia,4.0,0.0,False,Friendly,Auckland,New Zealand
2024-10-14,Togo,Algeria,0.0,1.0,False,African Cup of Nations qualification,Lomé,Togo
2024-10-14,Curaçao,Grenada,1.0,0.0,True,CONCACAF Nations League,Gros Islet,Saint Lucia
2024-10-14,Aruba,Haiti,3.0,5.0,False,CONCACAF Nations League,Oranjestad,Aruba
2024-10-14,Belgium,France,1.0,2.0,False,UEFA Nations League,Leuven,Belgium
2024-10-14,Bosnia and Herzegovina,Hungary,0.0,2.0,False,UEFA Nations League,Zenica,Bosnia and Herzegovina
2024-10-14,Germany,Netherlands,1.0,0.0,False,UEFA Nations League,Munich,Germany
2024-10-14,Ukraine,Czechia,1.0,1.0,True,UEFA Nations League,Wrocław,Poland
2024-10-14,Iceland,Türkiye,2.0,4.0,False,UEFA Nations League,Reykjavík,Iceland
2024-10-14,Estonia,Sweden,0.0,3.0,False,UEFA Nations League,Tallinn,Estonia
2024-10-15,Canada,Panama,2.0,1.0,False,Friendly,Toronto,Canada
2024-10-15,Mexico,United States,2.0,0.0,False,Friendly,Zapopan,Mexico
2024-10-15,Comoros,Tunisia,1.0,1.0,True,African Cup of Nations qualification,Abidjan,Ivory Coast
2024-10-15,Morocco,Central African Republic,4.0,0.0,False,African Cup of Nations qualification,Oujda,Morocco
2024-10-15,Mauritania,Egypt,0.0,1.0,False,African Cup of Nations qualification,Nouakchott,Mauritania
2024-10-15,Botswana,Cabo Verde,1.0,0.0,False,African Cup of Nations qualification,Francistown,Botswana
2024-10-15,Sudan,Ghana,2.0,0.0,True,African Cup of Nations qualification,Benghazi,Libya
2024-10-15,Sierra Leone,Côte d'Ivoire,1.0,0.0,True,African Cup of Nations qualification,Monrovia,Liberia
2024-10-15,Tanzania,Congo DR,0.0,2.0,False,African Cup of Nations qualification,Dar es Salaam,Tanzania
2024-10-15,Congo,South Africa,1.0,1.0,False,African Cup of Nations qualification,Brazzaville,Congo
2024-10-15,Malawi,Senegal,0.0,1.0,False,African Cup of Nations qualification,Lilongwe,Malawi
2024-10-15,Scotland,Portugal,0.0,0.0,False,UEFA Nations League,Glasgow,Scotland
2024-10-15,Poland,Croatia,3.0,3.0,False,UEFA Nations League,Warsaw,Poland
2024-10-15,Spain,Serbia,3.0,0.0,False,UEFA Nations League,Cordoba,Spain
2024-10-15,Switzerland,Denmark,2.0,2.0,False,UEFA Nations League,St. Gallen,Switzerland
2024-10-15,Colombia,Chile,4.0,0.0,False,FIFA World Cup qualification,Barranquilla,Colombia
2024-10-15,Paraguay,Venezuela,2.0,1.0,False,FIFA World Cup qualification,Asunción,Paraguay
2024-10-15,Uruguay,Ecuador,0.0,0.0,False,FIFA World Cup qualification,Montevideo,Uruguay
2024-10-15,Argentina,Bolivia,6.0,0.0,False,FIFA World Cup qualification,Buenos Aires,Argentina
2024-10-15,Brazil,Peru,4.0,0.0,False,FIFA World Cup qualification,Brasília,Brazil
2024-10-15,Uzbekistan,United Arab Emirates,1.0,0.0,False,FIFA World Cup qualification,Tashkent,Uzbekistan
2024-10-15,Iran,Qatar,4.0,1.0,True,FIFA World Cup qualification,Dubai,United Arab Emirates
2024-10-15,Jordan,Oman,4.0,0.0,False,FIFA World Cup qualification,Amman,Jordan
2024-10-15,Korea Republic,Iraq,3.0,2.0,False,FIFA World Cup qualification,Yongin,South Korea
2024-10-15,Japan,Australia,1.0,1.0,False,FIFA World Cup qualification,Saitama,Japan
2024-10-15,Saudi Arabia,Bahrain,0.0,0.0,False,FIFA World Cup qualification,Jeddah,Saudi Arabia
2024-11-14,Belgium,Italy,0.0,1.0,False,UEFA Nations League,Brussels,Belgium
2024-11-14,France,Israel,0.0,0.0,False,UEFA Nations League,Paris,France
2024-11-14,Greece,England,0.0,3.0,False,UEFA Nations League,Athens,Greece
2024-11-14,Kazakhstan,Austria,0.0,2.0,False,UEFA Nations League,Almaty,Kazakhstan
2024-11-14,Slovenia,Norway,1.0,4.0,False,UEFA Nations League,Ljubljana,Slovenia
2024-11-14,Costa Rica,Panama,0.0,1.0,False,CONCACAF Nations League,San José,Costa Rica
2024-11-14,Jamaica,United States,0.0,1.0,False,CONCACAF Nations League,Kingston,Jamaica
2024-11-14,Venezuela,Brazil,1.0,1.0,False,FIFA World Cup qualification,Maturín,Venezuela
2024-11-14,Ecuador,Bolivia,4.0,0.0,False,FIFA World Cup qualification,Guayaquil,Ecuador
2024-11-14,Paraguay,Argentina,2.0,1.0,False,FIFA World Cup qualification,Asunción,Paraguay
2024-11-14,North Korea,Iran,2.0,3.0,True,FIFA World Cup qualification,Vientiane,Laos
2024-11-14,Qatar,Uzbekistan,3.0,2.0,False,FIFA World Cup qualification,Al Rayyan,Qatar
2024-11-14,Kuwait,Korea Republic,1.0,3.0,False,FIFA World Cup qualification,Kuwait City,Kuwait
2024-11-14,Iraq,Jordan,0.0,0.0,False,FIFA World Cup qualification,Basra,Iraq
2024-11-14,Australia,Saudi Arabia,0.0,0.0,False,FIFA World Cup qualification,Melbourne,Australia
2024-11-14,Madagascar,Tunisia,2.0,3.0,True,African Cup of Nations qualification,Pretoria,South Africa
2024-11-14,Equatorial Guinea,Algeria,0.0,0.0,False,African Cup of Nations qualification,Malabo,Equatorial Guinea
2024-11-14,Burkina Faso,Senegal,0.0,1.0,True,African Cup of Nations qualification,Bamako,Mali
2024-11-15,Portugal,Poland,5.0,1.0,False,UEFA Nations League,Porto,Portugal
2024-11-15,Scotland,Croatia,1.0,0.0,False,UEFA Nations League,Glasgow,Scotland
2024-11-15,Denmark,Spain,1.0,2.0,False,UEFA Nations League,Copenhagen,Denmark
2024-11-15,Switzerland,Serbia,1.0,1.0,False,UEFA Nations League,Zürich,Switzerland
2024-11-15,Curaçao,Saint Martin,5.0,0.0,False,CONCACAF Nations League,Willemstad,Curaçao
2024-11-15,Sint Maarten,Haiti,0.0,8.0,True,CONCACAF Nations League,Mayagüez,Puerto Rico
2024-11-15,Honduras,Mexico,2.0,0.0,False,CONCACAF Nations League,San Pedro Sula,Honduras
2024-11-15,Suriname,Canada,0.0,1.0,False,CONCACAF Nations League,Paramaribo,Suriname
2024-11-15,Uruguay,Colombia,3.0,2.0,False,FIFA World Cup qualification,Montevideo,Uruguay
2024-11-15,New Zealand,Vanuatu,8.0,1.0,False,FIFA World Cup qualification,Hamilton,New Zealand
2024-11-15,Indonesia,Japan,0.0,4.0,False,FIFA World Cup qualification,Jakarta,Indonesia
2024-11-15,Gabon,Morocco,1.0,5.0,False,African Cup of Nations qualification,Franceville,Gabon
2024-11-15,Cabo Verde,Egypt,1.0,1.0,False,African Cup of Nations qualification,Praia,Cape Verde
2024-11-15,Angola,Ghana,1.0,1.0,False,African Cup of Nations qualification,Talatona,Angola
2024-11-15,Zambia,Côte d'Ivoire,1.0,0.0,False,African Cup of Nations qualification,Ndola,Zambia
2024-11-15,Uganda,South Africa,0.0,2.0,False,African Cup of Nations qualification,Kampala,Uganda
2024-11-16,Germany,Bosnia and Herzegovina,7.0,0.0,False,UEFA Nations League,Freiburg,Germany
2024-11-16,Netherlands,Hungary,4.0,0.0,False,UEFA Nations League,Amsterdam,Netherlands
2024-11-16,Albania,Czechia,0.0,0.0,False,UEFA Nations League,Tirana,Albania
2024-11-16,Türkiye,Wales,0.0,0.0,False,UEFA Nations League,Kayseri,Turkey
2024-11-16,Sweden,Slovakia,2.0,1.0,False,UEFA Nations League,Solna,Sweden
2024-11-16,Guinea,Congo DR,1.0,0.0,True,African Cup of Nations qualification,Abidjan,Ivory Coast
2024-11-17,Israel,Belgium,1.0,0.0,True,UEFA Nations League,Budapest,Hungary
2024-11-17,Italy,France,1.0,3.0,False,UEFA Nations League,Milan,Italy
2024-11-17,England,Ireland,5.0,0.0,False,UEFA Nations League,London,England
2024-11-17,Norway,Kazakhstan,5.0,0.0,False,UEFA Nations League,Oslo,Norway
2024-11-17,Austria,Slovenia,1.0,1.0,False,UEFA Nations League,Vienna,Austria
2024-11-17,Algeria,Liberia,5.0,1.0,False,African Cup of Nations qualification,Tizi Ouzou,Algeria
2024-11-18,Croatia,Portugal,1.0,1.0,False,UEFA Nations League,Split,Croatia
2024-11-18,Poland,Scotland,1.0,2.0,False,UEFA Nations League,Warsaw,Poland
2024-11-18,Spain,Switzerland,3.0,2.0,False,UEFA Nations League,Santa Cruz de Tenerife,Spain
2024-11-18,Saint Lucia,Curaçao,1.0,4.0,False,CONCACAF Nations League,Gros Islet,Saint Lucia
2024-11-18,Puerto Rico,Haiti,0.0,3.0,False,CONCACAF Nations League,Mayagüez,Puerto Rico
2024-11-18,Panama,Costa Rica,2.0,2.0,False,CONCACAF Nations League,Panama City,Panama
2024-11-18,United States,Jamaica,4.0,2.0,False,CONCACAF Nations League,Saint Louis,United States
2024-11-18,New Zealand,Samoa,8.0,0.0,False,FIFA World Cup qualification,Auckland,New Zealand
2024-11-18,Tunisia,Gambia,0.0,1.0,False,African Cup of Nations qualification,Tunis,Tunisia
2024-11-18,Morocco,Lesotho,7.0,0.0,False,African Cup of Nations qualification,Oujda,Morocco
2024-11-18,Ghana,Niger,1.0,2.0,False,African Cup of Nations qualification,Accra,Ghana
2024-11-19,Bosnia and Herzegovina,Netherlands,1.0,1.0,False,UEFA Nations League,Zenica,Bosnia and Herzegovina
2024-11-19,Hungary,Germany,1.0,1.0,False,UEFA Nations League,Budapest,Hungary
2024-11-19,Czechia,Georgia,2.0,1.0,False,UEFA Nations League,Olomouc,Czech Republic
2024-11-19,Montenegro,Türkiye,3.0,1.0,False,UEFA Nations League,Podgorica,Montenegro
2024-11-19,Sweden,Azerbaijan,6.0,0.0,False,UEFA Nations League,Solna,Sweden
2024-11-19,Canada,Suriname,3.0,0.0,False,CONCACAF Nations League,Toronto,Canada
2024-11-19,Mexico,Honduras,4.0,0.0,False,CONCACAF Nations League,Toluca,Mexico
2024-11-19,Bolivia,Paraguay,2.0,2.0,False,FIFA World Cup qualification,El Alto,Bolivia
2024-11-19,Colombia,Ecuador,0.0,1.0,False,FIFA World Cup qualification,Barranquilla,Colombia
2024-11-19,Argentina,Peru,1.0,0.0,False,FIFA World Cup qualification,Buenos Aires,Argentina
2024-11-19,Brazil,Uruguay,1.0,1.0,False,FIFA World Cup qualification,Salvador,Brazil
2024-11-19,North Korea,Uzbekistan,0.0,1.0,True,FIFA World Cup qualification,Vientiane,Laos
2024-11-19,Kyrgyzstan,Iran,2.0,3.0,False,FIFA World Cup qualification,Bishkek,Kyrgyzstan
2024-11-19,United Arab Emirates,Qatar,5.0,0.0,False,FIFA World Cup qualification,Abu Dhabi,United Arab Emirates
2024-11-19,Palestine,Korea Republic,1.0,1.0,True,FIFA World Cup qualification,Amman,Jordan
2024-11-19,Oman,Iraq,0.0,1.0,False,FIFA World Cup qualification,Muscat,Oman
2024-11-19,Kuwait,Jordan,1.0,1.0,False,FIFA World Cup qualification,Kuwait City,Kuwait
2024-11-19,Bahrain,Australia,2.0,2.0,False,FIFA World Cup qualification,Riffa,Bahrain
2024-11-19,Indonesia,Saudi Arabia,2.0,0.0,False,FIFA World Cup qualification,Jakarta,Indonesia
2024-11-19,China PR,Japan,1.0,3.0,False,FIFA World Cup qualification,Xiamen,China PR
2024-11-19,Egypt,Botswana,1.0,1.0,False,African Cup of Nations qualification,Cairo,Egypt
2024-11-19,Mauritania,Cabo Verde,1.0,0.0,False,African Cup of Nations qualification,Nouakchott,Mauritania
2024-11-19,Côte d'Ivoire,Chad,4.0,0.0,False,African Cup of Nations qualification,Abidjan,Ivory Coast
2024-11-19,Congo DR,Ethiopia,1.0,2.0,False,African Cup of Nations qualification,Kinshasa,DR Congo
2024-11-19,South Africa,South Sudan,3.0,0.0,False,African Cup of Nations qualification,Cape Town,South Africa
2024-11-19,Senegal,Burundi,2.0,0.0,False,African Cup of Nations qualification,Dakar,Senegal
2024-12-21,Qatar,United Arab Emirates,1.0,1.0,True,Gulf Cup,Sulaibikhat,Kuwait
2024-12-22,Iraq,Yemen,1.0,0.0,True,Gulf Cup,Sulaibikhat,Kuwait
2024-12-22,Saudi Arabia,Bahrain,2.0,3.0,True,Gulf Cup,Kuwait City,Kuwait
2024-12-24,Oman,Qatar,2.0,1.0,True,Gulf Cup,Sulaibikhat,Kuwait
2024-12-25,Yemen,Saudi Arabia,2.0,3.0,True,Gulf Cup,Sulaibikhat,Kuwait
2024-12-25,Bahrain,Iraq,2.0,0.0,True,Gulf Cup,Kuwait City,Kuwait
2024-12-27,Kuwait,Qatar,1.0,1.0,False,Gulf Cup,Kuwait City,Kuwait
2024-12-28,Iraq,Saudi Arabia,1.0,3.0,True,Gulf Cup,Kuwait City,Kuwait
2024-12-31,Oman,Saudi Arabia,2.0,1.0,True,Gulf Cup,Sulaibikhat,Kuwait
2025-01-18,United States,Venezuela,3.0,1.0,False,Friendly,Fort Lauderdale,United States
2025-01-22,United States,Costa Rica,3.0,0.0,False,Friendly,Orlando,United States
2025-01-22,Uzbekistan,Jordan,0.0,0.0,True,Friendly,Doha,Qatar
2025-02-08,Chile,Panama,6.0,1.0,False,Friendly,Santiago,Chile
2025-03-14,Jordan,North Korea,1.0,1.0,False,Friendly,Amman,Jordan
2025-03-19,Liberia,Tunisia,0.0,1.0,False,FIFA World Cup qualification,Monrovia,Liberia
2025-03-19,Kazakhstan,Curaçao,2.0,0.0,True,Friendly,Antalya,Turkey
2025-03-20,Canada,Mexico,0.0,2.0,True,CONCACAF Nations League,Inglewood,United States
2025-03-20,United States,Panama,0.0,1.0,False,CONCACAF Nations League,Inglewood,United States
2025-03-20,Croatia,France,2.0,0.0,False,UEFA Nations League,Split,Croatia
2025-03-20,Denmark,Portugal,1.0,0.0,False,UEFA Nations League,Copenhagen,Denmark
2025-03-20,Italy,Germany,1.0,2.0,False,UEFA Nations League,Milan,Italy
2025-03-20,Netherlands,Spain,2.0,2.0,False,UEFA Nations League,Rotterdam,Netherlands
2025-03-20,Austria,Serbia,1.0,1.0,False,UEFA Nations League,Vienna,Austria
2025-03-20,Greece,Scotland,0.0,1.0,False,UEFA Nations League,Piraeus,Greece
2025-03-20,Türkiye,Hungary,3.0,1.0,False,UEFA Nations League,Istanbul,Turkey
2025-03-20,Ukraine,Belgium,3.0,1.0,True,UEFA Nations League,Murcia,Spain
2025-03-20,Paraguay,Chile,1.0,0.0,False,FIFA World Cup qualification,Asunción,Paraguay
2025-03-20,Brazil,Colombia,2.0,1.0,False,FIFA World Cup qualification,Brasília,Brazil
2025-03-20,Iran,United Arab Emirates,2.0,0.0,False,FIFA World Cup qualification,Tehran,Iran
2025-03-20,Uzbekistan,Kyrgyzstan,1.0,0.0,False,FIFA World Cup qualification,Tashkent,Uzbekistan
2025-03-20,Qatar,North Korea,5.0,1.0,False,FIFA World Cup qualification,Al Rayyan,Qatar
2025-03-20,Korea Republic,Oman,1.0,1.0,False,FIFA World Cup qualification,Goyang,South Korea
2025-03-20,Iraq,Kuwait,2.0,2.0,False,FIFA World Cup qualification,Basra,Iraq
2025-03-20,Jordan,Palestine,3.0,1.0,False,FIFA World Cup qualification,Amman,Jordan
2025-03-20,Japan,Bahrain,2.0,0.0,False,FIFA World Cup qualification,Saitama,Japan
2025-03-20,Australia,Indonesia,5.0,1.0,False,FIFA World Cup qualification,Sydney,Australia
2025-03-20,Saudi Arabia,China PR,1.0,0.0,False,FIFA World Cup qualification,Riyadh,Saudi Arabia
2025-03-20,Cabo Verde,Mauritius,1.0,0.0,False,FIFA World Cup qualification,Praia,Cape Verde
2025-03-21,Northern Ireland,Switzerland,1.0,1.0,False,Friendly,Belfast,Northern Ireland
2025-03-21,Ecuador,Venezuela,2.0,1.0,False,FIFA World Cup qualification,Quito,Ecuador
2025-03-21,Uruguay,Argentina,0.0,1.0,False,FIFA World Cup qualification,Montevideo,Uruguay
2025-03-21,New Zealand,Fiji,7.0,0.0,False,FIFA World Cup qualification,Wellington,New Zealand
2025-03-21,Ethiopia,Egypt,0.0,2.0,True,FIFA World Cup qualification,Casablanca,Morocco
2025-03-21,Congo DR,South Sudan,1.0,0.0,False,FIFA World Cup qualification,Kinshasa,DR Congo
2025-03-21,South Africa,Lesotho,0.0,3.0,False,FIFA World Cup qualification,Polokwane,South Africa
2025-03-21,Morocco,Niger,2.0,1.0,False,FIFA World Cup qualification,Oujda,Morocco
2025-03-21,Burundi,Côte d'Ivoire,0.0,1.0,True,FIFA World Cup qualification,Meknes,Morocco
2025-03-21,Botswana,Algeria,1.0,3.0,False,FIFA World Cup qualification,Francistown,Botswana
2025-03-21,Ghana,Chad,5.0,0.0,False,FIFA World Cup qualification,Accra,Ghana
2025-03-21,Romania,Bosnia and Herzegovina,0.0,1.0,False,FIFA World Cup qualification,Bucharest,Romania
2025-03-21,England,Albania,2.0,0.0,False,FIFA World Cup qualification,London,England
2025-03-22,Azerbaijan,Haiti,0.0,3.0,False,Friendly,Sumqayit,Azerbaijan
2025-03-22,Luxembourg,Sweden,1.0,0.0,False,Friendly,Luxembourg,Luxembourg
2025-03-22,Sudan,Senegal,0.0,0.0,True,FIFA World Cup qualification,Benghazi,Libya
2025-03-22,Moldova,Norway,0.0,5.0,False,FIFA World Cup qualification,Chișinău,Moldova
2025-03-22,Czechia,Faroe Islands,2.0,1.0,False,FIFA World Cup qualification,Hradec Králové,Czech Republic
2025-03-23,United States,Canada,1.0,2.0,False,CONCACAF Nations League,Inglewood,United States
2025-03-23,Panama,Mexico,1.0,2.0,True,CONCACAF Nations League,Inglewood,United States
2025-03-23,France,Croatia,2.0,0.0,False,UEFA Nations League,Paris,France
2025-03-23,Germany,Italy,3.0,3.0,False,UEFA Nations League,Dortmund,Germany
2025-03-23,Portugal,Denmark,5.0,2.0,False,UEFA Nations League,Lisbon,Portugal
2025-03-23,Spain,Netherlands,3.0,3.0,False,UEFA Nations League,Valencia,Spain
2025-03-23,Belgium,Ukraine,3.0,0.0,False,UEFA Nations League,Genk,Belgium
2025-03-23,Hungary,Türkiye,0.0,3.0,False,UEFA Nations League,Budapest,Hungary
2025-03-23,Scotland,Greece,0.0,3.0,False,UEFA Nations League,Glasgow,Scotland
2025-03-23,Serbia,Austria,2.0,0.0,False,UEFA Nations League,Belgrade,Serbia
2025-03-24,New Zealand,New Caledonia,3.0,0.0,False,FIFA World Cup qualification,Auckland,New Zealand
2025-03-24,Côte d'Ivoire,Gambia,1.0,0.0,False,FIFA World Cup qualification,Abidjan,Ivory Coast
2025-03-24,Tunisia,Malawi,2.0,0.0,False,FIFA World Cup qualification,Radès,Tunisia
2025-03-24,Madagascar,Ghana,0.0,3.0,True,FIFA World Cup qualification,Al Hoceima,Morocco
2025-03-24,Bosnia and Herzegovina,Cyprus,2.0,1.0,False,FIFA World Cup qualification,Zenica,Bosnia and Herzegovina
2025-03-24,England,Latvia,3.0,0.0,False,FIFA World Cup qualification,London,England
2025-03-25,Sweden,Northern Ireland,5.0,1.0,False,Friendly,Solna,Sweden
2025-03-25,Switzerland,Luxembourg,3.0,1.0,False,Friendly,Sankt Gallen,Switzerland
2025-03-25,Bolivia,Uruguay,0.0,0.0,False,FIFA World Cup qualification,El Alto,Bolivia
2025-03-25,Colombia,Paraguay,2.0,2.0,False,FIFA World Cup qualification,Barranquilla,Colombia
2025-03-25,Argentina,Brazil,4.0,1.0,False,FIFA World Cup qualification,Buenos Aires,Argentina
2025-03-25,Chile,Ecuador,0.0,0.0,False,FIFA World Cup qualification,Santiago,Chile
2025-03-25,Iran,Uzbekistan,2.0,2.0,False,FIFA World Cup qualification,Tehran,Iran
2025-03-25,Kyrgyzstan,Qatar,3.0,1.0,False,FIFA World Cup qualification,Bishkek,Kyrgyzstan
2025-03-25,Korea Republic,Jordan,1.0,1.0,False,FIFA World Cup qualification,Suwon,South Korea
2025-03-25,Palestine,Iraq,2.0,1.0,True,FIFA World Cup qualification,Amman,Jordan
2025-03-25,China PR,Australia,0.0,2.0,False,FIFA World Cup qualification,Hangzhou,China PR
2025-03-25,Japan,Saudi Arabia,0.0,0.0,False,FIFA World Cup qualification,Saitama,Japan
2025-03-25,Egypt,Sierra Leone,1.0,0.0,False,FIFA World Cup qualification,Cairo,Egypt
2025-03-25,Mauritania,Congo DR,0.0,2.0,False,FIFA World Cup qualification,Nouadhibou,Mauritania
2025-03-25,Senegal,Togo,2.0,0.0,False,FIFA World Cup qualification,Diamniadio,Senegal
2025-03-25,Benin,South Africa,0.0,2.0,True,FIFA World Cup qualification,Abidjan,Ivory Coast
2025-03-25,Angola,Cabo Verde,1.0,2.0,False,FIFA World Cup qualification,Luanda,Angola
2025-03-25,Morocco,Tanzania,2.0,0.0,False,FIFA World Cup qualification,Oujda,Morocco
2025-03-25,Algeria,Mozambique,5.0,1.0,False,FIFA World Cup qualification,Tizi Ouzou,Algeria
2025-03-25,Israel,Norway,2.0,4.0,True,FIFA World Cup qualification,Debrecen,Hungary
2025-03-25,Gibraltar,Czechia,0.0,4.0,True,FIFA World Cup qualification,Faro-Loulé,Portugal
2025-05-28,Nigeria,Ghana,2.0,1.0,True,Unity Cup,London,England
2025-05-29,Malaysia,Cabo Verde,1.0,1.0,False,Friendly,Kuala Lumpur,Malaysia
2025-05-30,Saudi Arabia,Jordan,2.0,0.0,False,Friendly,Dammam,Saudi Arabia
2025-05-31,Trinidad and Tobago,Ghana,0.0,4.0,True,Unity Cup,London,England
2025-06-02,Tunisia,Burkina Faso,2.0,0.0,False,Friendly,Radès,Tunisia
2025-06-03,Malaysia,Cabo Verde,0.0,3.0,False,Friendly,Kuala Lumpur,Malaysia
2025-06-04,Germany,Portugal,1.0,2.0,False,UEFA Nations League,Munich,Germany
2025-06-05,Spain,France,5.0,4.0,True,UEFA Nations League,Stuttgart,Germany
2025-06-05,Algeria,Rwanda,2.0,0.0,False,Friendly,Constantine,Algeria
2025-06-05,Congo DR,Mali,1.0,0.0,True,Friendly,Orléans,France
2025-06-05,Ecuador,Brazil,0.0,0.0,False,FIFA World Cup qualification,Guayaquil,Ecuador
2025-06-05,Paraguay,Uruguay,2.0,0.0,False,FIFA World Cup qualification,Asunción,Paraguay
2025-06-05,Chile,Argentina,0.0,1.0,False,FIFA World Cup qualification,Santiago,Chile
2025-06-05,United Arab Emirates,Uzbekistan,0.0,0.0,False,FIFA World Cup qualification,Abu Dhabi,United Arab Emirates
2025-06-05,Qatar,Iran,1.0,0.0,False,FIFA World Cup qualification,Al Rayyan,Qatar
2025-06-05,Oman,Jordan,0.0,3.0,False,FIFA World Cup qualification,Muscat,Oman
2025-06-05,Iraq,Korea Republic,0.0,2.0,False,FIFA World Cup qualification,Basra,Iraq
2025-06-05,Bahrain,Saudi Arabia,0.0,2.0,False,FIFA World Cup qualification,Riffa,Bahrain
2025-06-05,Australia,Japan,1.0,0.0,False,FIFA World Cup qualification,Perth,Australia
2025-06-06,Hungary,Sweden,0.0,2.0,False,Friendly,Budapest,Hungary
2025-06-06,Morocco,Tunisia,2.0,0.0,False,Friendly,Fès,Morocco
2025-06-06,Ireland,Senegal,1.0,1.0,False,Friendly,Dublin,Republic of Ireland
2025-06-06,Scotland,Iceland,1.0,3.0,False,Friendly,Glasgow,Scotland
2025-06-06,South Africa,Tanzania,0.0,0.0,False,Friendly,Polokwane,South Africa
2025-06-06,Colombia,Peru,0.0,0.0,False,FIFA World Cup qualification,Barranquilla,Colombia
2025-06-06,Norway,Italy,3.0,0.0,False,FIFA World Cup qualification,Oslo,Norway
2025-06-06,North Macedonia,Belgium,1.0,1.0,False,FIFA World Cup qualification,Skopje,North Macedonia
2025-06-06,Czechia,Montenegro,2.0,0.0,False,FIFA World Cup qualification,Plzeň,Czech Republic
2025-06-06,Gibraltar,Croatia,0.0,7.0,True,FIFA World Cup qualification,Faro-Loulé,Portugal
2025-06-06,Curaçao,Saint Lucia,4.0,0.0,False,FIFA World Cup qualification,Willemstad,Curaçao
2025-06-07,Mexico,Switzerland,2.0,4.0,True,Friendly,Salt Lake City,United States
2025-06-07,United States,Türkiye,1.0,2.0,False,Friendly,East Hartford,United States
2025-06-07,Finland,Netherlands,0.0,2.0,False,FIFA World Cup qualification,Helsinki,Finland
2025-06-07,Bosnia and Herzegovina,San Marino,1.0,0.0,False,FIFA World Cup qualification,Zenica,Bosnia and Herzegovina
2025-06-07,Austria,Romania,2.0,1.0,False,FIFA World Cup qualification,Vienna,Austria
2025-06-07,Andorra,England,0.0,1.0,True,FIFA World Cup qualification,Barcelona,Spain
2025-06-07,Canada,Ukraine,4.0,2.0,False,Canadian Shield,Toronto,Canada
2025-06-07,Côte d'Ivoire,New Zealand,0.0,1.0,True,Canadian Shield,Toronto,Canada
2025-06-07,Aruba,Haiti,0.0,5.0,False,FIFA World Cup qualification,Oranjestad,Aruba
2025-06-07,Belize,Panama,0.0,2.0,False,FIFA World Cup qualification,Belmopan,Belize
2025-06-08,Germany,France,0.0,2.0,False,UEFA Nations League,Stuttgart,Germany
2025-06-08,Portugal,Spain,2.0,2.0,True,UEFA Nations League,Munich,Germany
2025-06-08,Congo DR,Madagascar,3.0,1.0,True,Friendly,Orléans,France
2025-06-08,Georgia,Cabo Verde,1.0,1.0,False,Friendly,Kutaisi,Georgia
2025-06-09,Algeria,Rwanda,2.0,0.0,False,Friendly,Blida,Algeria
2025-06-09,Liechtenstein,Scotland,0.0,4.0,False,Friendly,Vaduz,Liechtenstein
2025-06-09,Morocco,Benin,1.0,0.0,False,Friendly,Fès,Morocco
2025-06-09,Estonia,Norway,0.0,1.0,False,FIFA World Cup qualification,Tallinn,Estonia
2025-06-09,Belgium,Wales,4.0,3.0,False,FIFA World Cup qualification,Brussels,Belgium
2025-06-09,Croatia,Czechia,5.0,1.0,False,FIFA World Cup qualification,Osijek,Croatia
2025-06-10,England,Senegal,1.0,3.0,False,Friendly,London,England
2025-06-10,Mexico,Türkiye,1.0,0.0,True,Friendly,Chapel Hill,United States
2025-06-10,Slovenia,Bosnia and Herzegovina,2.0,1.0,False,Friendly,Celje,Slovenia
2025-06-10,South Africa,Mozambique,2.0,0.0,False,Friendly,Polokwane,South Africa
2025-06-10,Sweden,Algeria,4.0,3.0,False,Friendly,Solna,Sweden
2025-06-10,United States,Switzerland,0.0,4.0,False,Friendly,Nashville,United States
2025-06-10,Uruguay,Venezuela,2.0,0.0,False,FIFA World Cup qualification,Montevideo,Uruguay
2025-06-10,Peru,Ecuador,0.0,0.0,False,FIFA World Cup qualification,Lima,Peru
2025-06-10,Argentina,Colombia,1.0,1.0,False,FIFA World Cup qualification,Buenos Aires,Argentina
2025-06-10,Brazil,Paraguay,1.0,0.0,False,FIFA World Cup qualification,São Paulo,Brazil
2025-06-10,Uzbekistan,Qatar,3.0,0.0,False,FIFA World Cup qualification,Tashkent,Uzbekistan
2025-06-10,Iran,North Korea,3.0,0.0,False,FIFA World Cup qualification,Tehran,Iran
2025-06-10,Korea Republic,Kuwait,4.0,0.0,False,FIFA World Cup qualification,Seoul,South Korea
2025-06-10,Jordan,Iraq,0.0,1.0,False,FIFA World Cup qualification,Amman,Jordan
2025-06-10,Japan,Indonesia,6.0,0.0,False,FIFA World Cup qualification,Suita,Japan
2025-06-10,Saudi Arabia,Australia,1.0,2.0,False,FIFA World Cup qualification,Jeddah,Saudi Arabia
2025-06-10,Netherlands,Malta,8.0,0.0,False,FIFA World Cup qualification,Groningen,Netherlands
2025-06-10,San Marino,Austria,0.0,4.0,False,FIFA World Cup qualification,Serravalle,San Marino
2025-06-10,New Zealand,Ukraine,1.0,2.0,True,Canadian Shield,Toronto,Canada
2025-06-10,Canada,Côte d'Ivoire,0.0,0.0,False,Canadian Shield,Toronto,Canada
2025-06-10,Haiti,Curaçao,1.0,5.0,True,FIFA World Cup qualification,Oranjestad,Aruba
2025-06-10,Panama,Nicaragua,3.0,0.0,False,FIFA World Cup qualification,Panama City,Panama
2025-06-14,Mexico,Dominican Republic,3.0,2.0,True,Gold Cup,Inglewood,United States
2025-06-15,United States,Trinidad and Tobago,5.0,0.0,False,Gold Cup,San Jose,United States
2025-06-15,Haiti,Saudi Arabia,0.0,1.0,True,Gold Cup,San Diego,United States
2025-06-16,Panama,Guadeloupe,5.0,2.0,True,Gold Cup,Carson,United States
2025-06-17,Curaçao,El Salvador,0.0,0.0,True,Gold Cup,San Jose,United States
2025-06-17,Canada,Honduras,6.0,0.0,False,Gold Cup,Vancouver,Canada
2025-06-18,Suriname,Mexico,0.0,2.0,True,Gold Cup,Arlington,United States
2025-06-19,Trinidad and Tobago,Haiti,1.0,1.0,True,Gold Cup,Houston,United States
2025-06-19,United States,Saudi Arabia,1.0,0.0,False,Gold Cup,Austin,United States
2025-06-20,Guatemala,Panama,0.0,1.0,True,Gold Cup,Austin,United States
2025-06-21,Curaçao,Canada,1.0,1.0,True,Gold Cup,Houston,United States
2025-06-22,Mexico,Costa Rica,0.0,0.0,True,Gold Cup,Paradise,United States
2025-06-22,Saudi Arabia,Trinidad and Tobago,1.0,1.0,True,Gold Cup,Paradise,United States
2025-06-22,United States,Haiti,2.0,1.0,False,Gold Cup,Arlington,United States
2025-06-24,Honduras,Curaçao,2.0,1.0,True,Gold Cup,San Jose,United States
2025-06-24,Canada,El Salvador,2.0,0.0,True,Gold Cup,Houston,United States
2025-06-24,Panama,Jamaica,4.0,1.0,True,Gold Cup,Austin,United States
2025-06-28,Panama,Honduras,1.0,1.0,True,Gold Cup,Glendale,United States
2025-06-28,Mexico,Saudi Arabia,2.0,0.0,True,Gold Cup,Glendale,United States
2025-06-29,Canada,Guatemala,1.0,1.0,True,Gold Cup,Minneapolis,United States
2025-06-29,United States,Costa Rica,2.0,2.0,False,Gold Cup,Minneapolis,United States
2025-07-02,United States,Guatemala,2.0,1.0,False,Gold Cup,St. Louis,United States
2025-07-02,Mexico,Honduras,1.0,0.0,True,Gold Cup,Santa Clara,United States
2025-07-06,United States,Mexico,1.0,2.0,False,Gold Cup,Houston,United States
2025-08-24,Qatar,Lebanon,2.0,2.0,False,Friendly,Doha,Qatar
2025-09-03,Qatar,Bahrain,2.0,2.0,False,Friendly,Doha,Qatar
2025-09-04,Norway,Finland,1.0,0.0,False,Friendly,Oslo,Norway
2025-09-04,Russia,Jordan,0.0,0.0,False,Friendly,Moscow,Russia
2025-09-04,Saudi Arabia,North Macedonia,2.0,1.0,True,Friendly,Prague,Czech Republic
2025-09-04,Colombia,Bolivia,3.0,0.0,False,FIFA World Cup qualification,Barranquilla,Colombia
2025-09-04,Argentina,Venezuela,3.0,0.0,False,FIFA World Cup qualification,Buenos Aires,Argentina
2025-09-04,Paraguay,Ecuador,0.0,0.0,False,FIFA World Cup qualification,Asunción,Paraguay
2025-09-04,Uruguay,Peru,3.0,0.0,False,FIFA World Cup qualification,Montevideo,Uruguay
2025-09-04,Brazil,Chile,3.0,0.0,False,FIFA World Cup qualification,Rio de Janeiro,Brazil
2025-09-04,Mauritius,Cabo Verde,0.0,2.0,False,FIFA World Cup qualification,Saint Pierre,Mauritius
2025-09-04,Algeria,Botswana,3.0,1.0,False,FIFA World Cup qualification,Tizi Ouzou,Algeria
2025-09-04,Tunisia,Liberia,3.0,0.0,False,FIFA World Cup qualification,Radès,Tunisia
2025-09-04,Chad,Ghana,1.0,1.0,False,FIFA World Cup qualification,N'Djamena,Chad
2025-09-04,Slovakia,Germany,2.0,0.0,False,FIFA World Cup qualification,Bratislava,Slovakia
2025-09-04,Georgia,Türkiye,2.0,3.0,False,FIFA World Cup qualification,Tbilisi,Georgia
2025-09-04,Bulgaria,Spain,0.0,3.0,False,FIFA World Cup qualification,Sofia,Bulgaria
2025-09-04,Netherlands,Poland,1.0,1.0,False,FIFA World Cup qualification,Rotterdam,Netherlands
2025-09-04,Liechtenstein,Belgium,0.0,6.0,False,FIFA World Cup qualification,Vaduz,Liechtenstein
2025-09-04,Iraq,Hong Kong,2.0,1.0,True,King's Cup,Kanchanaburi,Thailand
2025-09-04,Suriname,Panama,0.0,0.0,False,FIFA World Cup qualification,Paramaribo,Suriname
2025-09-05,Australia,New Zealand,1.0,0.0,False,Soccer Ashes,Canberra,Australia
2025-09-05,Romania,Canada,0.0,3.0,False,Friendly,Bucharest,Romania
2025-09-05,Egypt,Ethiopia,2.0,0.0,False,FIFA World Cup qualification,Cairo,Egypt
2025-09-05,South Sudan,Congo DR,1.0,4.0,False,FIFA World Cup qualification,Juba,South Sudan
2025-09-05,Senegal,Sudan,2.0,0.0,False,FIFA World Cup qualification,Diamniadio,Senegal
2025-09-05,South Africa,Lesotho,3.0,0.0,False,FIFA World Cup qualification,Bloemfontein,South Africa
2025-09-05,Morocco,Niger,5.0,0.0,False,FIFA World Cup qualification,Rabat,Morocco
2025-09-05,Côte d'Ivoire,Burundi,1.0,0.0,False,FIFA World Cup qualification,Abidjan,Ivory Coast
2025-09-05,Slovenia,Sweden,2.0,2.0,False,FIFA World Cup qualification,Ljubljana,Slovenia
2025-09-05,Switzerland,Kosovo,4.0,0.0,False,FIFA World Cup qualification,Basel,Switzerland
2025-09-05,Denmark,Scotland,0.0,0.0,False,FIFA World Cup qualification,Copenhagen,Denmark
2025-09-05,Ukraine,France,0.0,2.0,True,FIFA World Cup qualification,Wrocław,Poland
2025-09-05,Faroe Islands,Croatia,0.0,1.0,False,FIFA World Cup qualification,Tórshavn,Faroe Islands
2025-09-05,Montenegro,Czechia,0.0,2.0,False,FIFA World Cup qualification,Podgorica,Montenegro
2025-09-05,Trinidad and Tobago,Curaçao,0.0,0.0,False,FIFA World Cup qualification,Port of Spain,Trinidad and Tobago
2025-09-05,Haiti,Honduras,0.0,0.0,True,FIFA World Cup qualification,Willemstad,Curaçao
2025-09-06,Mexico,Japan,0.0,0.0,True,Friendly,Oakland,United States
2025-09-06,United States,Korea Republic,0.0,2.0,False,Friendly,Harrison,United States
2025-09-06,Armenia,Portugal,0.0,5.0,False,FIFA World Cup qualification,Yerevan,Armenia
2025-09-06,Austria,Cyprus,1.0,0.0,False,FIFA World Cup qualification,Linz,Austria
2025-09-06,San Marino,Bosnia and Herzegovina,0.0,6.0,False,FIFA World Cup qualification,Serravalle,San Marino
2025-09-06,England,Andorra,2.0,0.0,False,FIFA World Cup qualification,London,England
2025-09-07,Germany,Northern Ireland,3.0,1.0,False,FIFA World Cup qualification,Cologne,Germany
2025-09-07,Türkiye,Spain,0.0,6.0,False,FIFA World Cup qualification,Konya,Turkey
2025-09-07,Lithuania,Netherlands,2.0,3.0,False,FIFA World Cup qualification,Kaunas,Lithuania
2025-09-07,Belgium,Kazakhstan,6.0,0.0,False,FIFA World Cup qualification,Anderlecht,Belgium
2025-09-07,Qatar,Russia,1.0,4.0,False,Friendly,Doha,Qatar
2025-09-07,Thailand,Iraq,0.0,1.0,False,King's Cup,Kanchanaburi,Thailand
2025-09-08,Czechia,Saudi Arabia,1.0,1.0,False,Friendly,Hradec Králové,Czech Republic
2025-09-08,Zambia,Morocco,0.0,2.0,False,FIFA World Cup qualification,Ndola,Zambia
2025-09-08,Guinea,Algeria,0.0,0.0,True,FIFA World Cup qualification,Casablanca,Morocco
2025-09-08,Equatorial Guinea,Tunisia,0.0,1.0,False,FIFA World Cup qualification,Malabo,Equatorial Guinea
2025-09-08,Ghana,Mali,1.0,0.0,False,FIFA World Cup qualification,Accra,Ghana
2025-09-08,Kosovo,Sweden,2.0,0.0,False,FIFA World Cup qualification,Pristina,Kosovo
2025-09-08,Switzerland,Slovenia,3.0,0.0,False,FIFA World Cup qualification,Basel,Switzerland
2025-09-08,Belarus,Scotland,0.0,2.0,True,FIFA World Cup qualification,Zalaegerszeg,Hungary
2025-09-08,Croatia,Montenegro,4.0,0.0,False,FIFA World Cup qualification,Zagreb,Croatia
2025-09-08,Panama,Guatemala,1.0,1.0,False,FIFA World Cup qualification,Panama City,Panama
2025-09-09,Jordan,Dominican Republic,3.0,0.0,False,Friendly,Amman,Jordan
2025-09-09,Mexico,Korea Republic,2.0,2.0,True,Friendly,Nashville,United States
2025-09-09,New Zealand,Australia,1.0,3.0,False,Soccer Ashes,Auckland,New Zealand
2025-09-09,United States,Japan,2.0,0.0,False,Friendly,Columbus,United States
2025-09-09,Wales,Canada,0.0,1.0,False,Friendly,Cardiff,Wales
2025-09-09,Ecuador,Argentina,1.0,0.0,False,FIFA World Cup qualification,Guayaquil,Ecuador
2025-09-09,Peru,Paraguay,0.0,1.0,False,FIFA World Cup qualification,Lima,Peru
2025-09-09,Bolivia,Brazil,1.0,0.0,False,FIFA World Cup qualification,El Alto,Bolivia
2025-09-09,Venezuela,Colombia,3.0,6.0,False,FIFA World Cup qualification,Maturín,Venezuela
2025-09-09,Chile,Uruguay,0.0,0.0,False,FIFA World Cup qualification,Santiago,Chile
2025-09-09,Burkina Faso,Egypt,0.0,0.0,False,FIFA World Cup qualification,Ouagadougou,Burkina Faso
2025-09-09,Congo DR,Senegal,2.0,3.0,False,FIFA World Cup qualification,Kinshasa,DR Congo
2025-09-09,South Africa,Nigeria,1.0,1.0,False,FIFA World Cup qualification,Bloemfontein,South Africa
2025-09-09,Cabo Verde,Cameroon,1.0,0.0,False,FIFA World Cup qualification,Praia,Cape Verde
2025-09-09,Gabon,Côte d'Ivoire,0.0,0.0,False,FIFA World Cup qualification,Franceville,Gabon
2025-09-09,France,Iceland,2.0,1.0,False,FIFA World Cup qualification,Paris,France
2025-09-09,Hungary,Portugal,2.0,3.0,False,FIFA World Cup qualification,Budapest,Hungary
2025-09-09,Bosnia and Herzegovina,Austria,1.0,2.0,False,FIFA World Cup qualification,Zenica,Bosnia and Herzegovina
2025-09-09,Norway,Moldova,11.0,1.0,False,FIFA World Cup qualification,Oslo,Norway
2025-09-09,Serbia,England,0.0,5.0,False,FIFA World Cup qualification,Belgrade,Serbia
2025-09-09,Curaçao,Bermuda,3.0,2.0,False,FIFA World Cup qualification,Willemstad,Curaçao
2025-09-09,Costa Rica,Haiti,3.0,3.0,False,FIFA World Cup qualification,San José,Costa Rica
2025-10-08,Qatar,Oman,0.0,0.0,False,FIFA World Cup qualification,Al Rayyan,Qatar
2025-10-08,Saudi Arabia,Indonesia,3.0,2.0,False,FIFA World Cup qualification,Jeddah,Saudi Arabia
2025-10-08,Djibouti,Egypt,0.0,3.0,True,FIFA World Cup qualification,Casablanca,Morocco
2025-10-08,Libya,Cabo Verde,3.0,3.0,False,FIFA World Cup qualification,Tripoli,Libya
2025-10-08,Central African Republic,Ghana,0.0,5.0,True,FIFA World Cup qualification,El Jadida,Morocco
2025-10-09,England,Wales,3.0,0.0,False,Friendly,London,England
2025-10-09,Poland,New Zealand,1.0,0.0,False,Friendly,Chorzów,Poland
2025-10-09,Morocco,Bahrain,1.0,0.0,False,Friendly,Rabat,Morocco
2025-10-09,Algeria,Somalia,3.0,0.0,False,FIFA World Cup qualification,Bir El Djir,Algeria
2025-10-09,Scotland,Greece,3.0,1.0,False,FIFA World Cup qualification,Glasgow,Scotland
2025-10-09,Malta,Netherlands,0.0,4.0,False,FIFA World Cup qualification,Ta' Qali,Malta
2025-10-09,Austria,San Marino,10.0,0.0,False,FIFA World Cup qualification,Vienna,Austria
2025-10-09,Cyprus,Bosnia and Herzegovina,2.0,2.0,False,FIFA World Cup qualification,Larnaca,Cyprus
2025-10-09,Czechia,Croatia,0.0,0.0,False,FIFA World Cup qualification,Prague,Czech Republic
2025-10-09,Nicaragua,Haiti,0.0,3.0,False,FIFA World Cup qualification,Managua,Nicaragua
2025-10-10,Argentina,Venezuela,1.0,0.0,True,Friendly,Miami Gardens,United States
2025-10-10,Canada,Australia,0.0,1.0,False,Friendly,Montreal,Canada
2025-10-10,Russia,Iran,2.0,1.0,False,Friendly,Volgograd,Russia
2025-10-10,Japan,Paraguay,2.0,2.0,False,Kirin Cup,Osaka,Japan
2025-10-10,Uzbekistan,Kuwait,2.0,0.0,False,Friendly,Tashkent,Uzbekistan
2025-10-10,Jordan,Bolivia,0.0,1.0,True,Friendly,Istanbul,Turkey
2025-10-10,Korea Republic,Brazil,0.0,5.0,False,Friendly,Seoul,South Korea
2025-10-10,Uruguay,Dominican Republic,1.0,0.0,True,Friendly,Kuala Lumpur,Malaysia
2025-10-10,United States,Ecuador,1.0,1.0,False,Friendly,Austin,United States
2025-10-10,Togo,Congo DR,0.0,1.0,False,FIFA World Cup qualification,Lomé,Togo
2025-10-10,South Sudan,Senegal,0.0,5.0,False,FIFA World Cup qualification,Juba,South Sudan
2025-10-10,South Africa,Zimbabwe,0.0,0.0,False,FIFA World Cup qualification,Durban,South Africa
2025-10-10,Seychelles,Côte d'Ivoire,0.0,7.0,True,FIFA World Cup qualification,Saint Pierre,Mauritius
2025-10-10,Tunisia,São Tomé and Príncipe,6.0,0.0,False,FIFA World Cup qualification,Radès,Tunisia
2025-10-10,Germany,Luxembourg,4.0,0.0,False,FIFA World Cup qualification,Sinsheim,Germany
2025-10-10,Sweden,Switzerland,0.0,2.0,False,FIFA World Cup qualification,Solna,Sweden
2025-10-10,France,Azerbaijan,3.0,0.0,False,FIFA World Cup qualification,Paris,France
2025-10-10,Belgium,North Macedonia,0.0,0.0,False,FIFA World Cup qualification,Gent,Belgium
2025-10-10,El Salvador,Panama,0.0,1.0,False,FIFA World Cup qualification,San Salvador,El Salvador
2025-10-10,Curaçao,Jamaica,2.0,0.0,False,FIFA World Cup qualification,Willemstad,Curaçao
2025-10-11,Mexico,Colombia,0.0,4.0,True,Friendly,Arlington,United States
2025-10-11,Iraq,Indonesia,1.0,0.0,True,FIFA World Cup qualification,Jeddah,Saudi Arabia
2025-10-11,Spain,Georgia,2.0,0.0,False,FIFA World Cup qualification,Elche,Spain
2025-10-11,Bulgaria,Türkiye,1.0,6.0,False,FIFA World Cup qualification,Sofia,Bulgaria
2025-10-11,Portugal,Ireland,1.0,0.0,False,FIFA World Cup qualification,Lisbon,Portugal
2025-10-11,Norway,Israel,5.0,0.0,False,FIFA World Cup qualification,Oslo,Norway
2025-10-12,Malta,Bosnia and Herzegovina,1.0,4.0,False,Friendly,Ta' Qali,Malta
2025-10-12,Egypt,Guinea-Bissau,1.0,0.0,False,FIFA World Cup qualification,Cairo,Egypt
2025-10-12,Ghana,Comoros,1.0,0.0,False,FIFA World Cup qualification,Accra,Ghana
2025-10-12,Scotland,Belarus,2.0,1.0,False,FIFA World Cup qualification,Glasgow,Scotland
2025-10-12,Netherlands,Finland,4.0,0.0,False,FIFA World Cup qualification,Amsterdam,Netherlands
2025-10-12,Romania,Austria,1.0,0.0,False,FIFA World Cup qualification,Bucharest,Romania
2025-10-12,Faroe Islands,Czechia,2.0,1.0,False,FIFA World Cup qualification,Tórshavn,Faroe Islands
2025-10-12,Croatia,Gibraltar,3.0,0.0,False,FIFA World Cup qualification,Varaždin,Croatia
2025-10-13,Uzbekistan,Uruguay,1.0,2.0,True,Friendly,Malacca City,Malaysia
2025-10-13,Cabo Verde,Eswatini,3.0,0.0,False,FIFA World Cup qualification,Praia,Cape Verde
2025-10-13,Tunisia,Namibia,3.0,0.0,False,FIFA World Cup qualification,Radès,Tunisia
2025-10-13,Northern Ireland,Germany,0.0,1.0,False,FIFA World Cup qualification,Belfast,Northern Ireland
2025-10-13,Slovenia,Switzerland,0.0,0.0,False,FIFA World Cup qualification,Ljubljana,Slovenia
2025-10-13,Sweden,Kosovo,0.0,1.0,False,FIFA World Cup qualification,Gothenburg,Sweden
2025-10-13,Iceland,France,2.0,2.0,False,FIFA World Cup qualification,Reykjavík,Iceland
2025-10-13,Wales,Belgium,2.0,4.0,False,FIFA World Cup qualification,Cardiff,Wales
2025-10-13,Honduras,Haiti,3.0,0.0,False,FIFA World Cup qualification,Tegucigalpa,Honduras
2025-10-14,Albania,Jordan,4.0,2.0,False,Friendly,Tirana,Albania
2025-10-14,Japan,Brazil,3.0,2.0,False,Kirin Cup,Tokyo,Japan
2025-10-14,Iran,Tanzania,2.0,0.0,True,Friendly,Dubai,United Arab Emirates
2025-10-14,Canada,Colombia,0.0,0.0,True,Friendly,Harrison,United States
2025-10-14,Korea Republic,Paraguay,2.0,0.0,False,Friendly,Seoul,South Korea
2025-10-14,Mexico,Ecuador,1.0,1.0,False,Friendly,Zapopan,Mexico
2025-10-14,Norway,New Zealand,1.0,1.0,False,Friendly,Oslo,Norway
2025-10-14,Puerto Rico,Argentina,0.0,6.0,True,Friendly,Fort Lauderdale,United States
2025-10-14,United States,Australia,2.0,1.0,False,Friendly,Denver,United States
2025-10-14,Qatar,United Arab Emirates,2.0,1.0,False,FIFA World Cup qualification,Al Rayyan,Qatar
2025-10-14,Saudi Arabia,Iraq,0.0,0.0,False,FIFA World Cup qualification,Jeddah,Saudi Arabia
2025-10-14,Senegal,Mauritania,4.0,0.0,False,FIFA World Cup qualification,Diamniadio,Senegal
2025-10-14,Congo DR,Sudan,1.0,0.0,False,FIFA World Cup qualification,Kinshasa,DR Congo
2025-10-14,South Africa,Rwanda,3.0,0.0,False,FIFA World Cup qualification,Mbombela,South Africa
2025-10-14,Morocco,Congo,1.0,0.0,False,FIFA World Cup qualification,Rabat,Morocco
2025-10-14,Côte d'Ivoire,Kenya,3.0,0.0,False,FIFA World Cup qualification,Ebimpé,Ivory Coast
2025-10-14,Algeria,Uganda,2.0,1.0,False,FIFA World Cup qualification,Tizi Ouzou,Algeria
2025-10-14,Spain,Bulgaria,4.0,0.0,False,FIFA World Cup qualification,Valladolid,Spain
2025-10-14,Türkiye,Georgia,4.0,1.0,False,FIFA World Cup qualification,Izmit,Turkey
2025-10-14,Portugal,Hungary,2.0,2.0,False,FIFA World Cup qualification,Lisbon,Portugal
2025-10-14,Latvia,England,0.0,5.0,False,FIFA World Cup qualification,Riga,Latvia
2025-10-14,Panama,Suriname,1.0,1.0,False,FIFA World Cup qualification,Panama City,Panama
2025-10-14,Curaçao,Trinidad and Tobago,1.0,1.0,False,FIFA World Cup qualification,Willemstad,Curaçao
2025-11-12,Tunisia,Mauritania,1.0,1.0,False,Friendly,Radès,Tunisia
2025-11-13,Algeria,Zimbabwe,3.0,1.0,True,Friendly,Jeddah,Saudi Arabia
2025-11-13,Canada,Ecuador,0.0,0.0,False,Friendly,Toronto,Canada
2025-11-13,Czechia,San Marino,1.0,0.0,False,Friendly,Karviná,Czech Republic
2025-11-13,United Arab Emirates,Iraq,1.0,1.0,False,FIFA World Cup qualification,Abu Dhabi,United Arab Emirates
2025-11-13,Cameroon,Congo DR,0.0,1.0,True,FIFA World Cup qualification,Rabat,Morocco
2025-11-13,France,Ukraine,4.0,0.0,False,FIFA World Cup qualification,Paris,France
2025-11-13,Ireland,Portugal,2.0,0.0,False,FIFA World Cup qualification,Dublin,Republic of Ireland
2025-11-13,Norway,Estonia,4.0,1.0,False,FIFA World Cup qualification,Oslo,Norway
2025-11-13,England,Serbia,2.0,0.0,False,FIFA World Cup qualification,London,England
2025-11-13,Iran,Cabo Verde,0.0,0.0,True,Al Ain International Cup,Al Ain,United Arab Emirates
2025-11-13,Guatemala,Panama,2.0,3.0,False,FIFA World Cup qualification,Guatemala City,Guatemala
2025-11-13,Bermuda,Curaçao,0.0,7.0,False,FIFA World Cup qualification,Devonshire Parish,Bermuda
2025-11-13,Haiti,Costa Rica,1.0,0.0,True,FIFA World Cup qualification,Willemstad,Curaçao
2025-11-14,Angola,Argentina,0.0,2.0,False,Friendly,Luanda,Angola
2025-11-14,Australia,Venezuela,0.0,1.0,True,Friendly,Houston,United States
2025-11-14,Korea Republic,Bolivia,2.0,0.0,False,Friendly,Daejeon,South Korea
2025-11-14,Morocco,Mozambique,1.0,0.0,False,Friendly,Tangier,Morocco
2025-11-14,Japan,Ghana,2.0,0.0,False,Kirin Cup,Toyota,Japan
2025-11-14,Saudi Arabia,Côte d'Ivoire,1.0,0.0,False,Friendly,Jeddah,Saudi Arabia
2025-11-14,Tunisia,Jordan,3.0,2.0,False,Friendly,Radès,Tunisia
2025-11-14,Luxembourg,Germany,0.0,2.0,False,FIFA World Cup qualification,Luxembourg,Luxembourg
2025-11-14,Poland,Netherlands,1.0,1.0,False,FIFA World Cup qualification,Warsaw,Poland
2025-11-14,Croatia,Faroe Islands,3.0,1.0,False,FIFA World Cup qualification,Rijeka,Croatia
2025-11-14,Uzbekistan,Egypt,2.0,0.0,True,Al Ain International Cup,Al Ain,United Arab Emirates
2025-11-15,Brazil,Senegal,2.0,0.0,True,Friendly,London,England
2025-11-15,Colombia,New Zealand,2.0,1.0,True,Friendly,Fort Lauderdale,United States
2025-11-15,Mexico,Uruguay,0.0,0.0,False,Friendly,Torreón,Mexico
2025-11-15,South Africa,Zambia,3.0,1.0,False,Friendly,Gqeberha,South Africa
2025-11-15,United States,Paraguay,2.0,1.0,False,Friendly,Chester,United States
2025-11-15,Switzerland,Sweden,4.0,1.0,False,FIFA World Cup qualification,Geneva,Switzerland
2025-11-15,Greece,Scotland,3.0,2.0,False,FIFA World Cup qualification,Piraeus,Greece
2025-11-15,Türkiye,Bulgaria,2.0,0.0,False,FIFA World Cup qualification,Bursa,Turkey
2025-11-15,Georgia,Spain,0.0,4.0,False,FIFA World Cup qualification,Tbilisi,Georgia
2025-11-15,Cyprus,Austria,0.0,2.0,False,FIFA World Cup qualification,Limassol,Cyprus
2025-11-15,Bosnia and Herzegovina,Romania,3.0,1.0,False,FIFA World Cup qualification,Zenica,Bosnia and Herzegovina
2025-11-15,Kazakhstan,Belgium,1.0,1.0,False,FIFA World Cup qualification,Astana,Kazakhstan
2025-11-16,Nigeria,Congo DR,1.0,1.0,True,FIFA World Cup qualification,Rabat,Morocco
2025-11-16,Azerbaijan,France,1.0,3.0,False,FIFA World Cup qualification,Baku,Azerbaijan
2025-11-16,Portugal,Armenia,9.0,1.0,False,FIFA World Cup qualification,Porto,Portugal
2025-11-16,Italy,Norway,1.0,4.0,False,FIFA World Cup qualification,Milan,Italy
2025-11-16,Albania,England,0.0,2.0,False,FIFA World Cup qualification,Tirana,Albania
2025-11-17,Qatar,Zimbabwe,1.0,2.0,False,Friendly,Ar-Rayyan,Qatar
2025-11-17,Germany,Slovakia,6.0,0.0,False,FIFA World Cup qualification,Leipzig,Germany
2025-11-17,Netherlands,Lithuania,4.0,0.0,False,FIFA World Cup qualification,Amsterdam,Netherlands
2025-11-17,Czechia,Gibraltar,6.0,0.0,False,FIFA World Cup qualification,Olomouc,Czech Republic
2025-11-17,Montenegro,Croatia,2.0,3.0,False,FIFA World Cup qualification,Podgorica,Montenegro
2025-11-17,Cabo Verde,Egypt,1.0,1.0,True,Al Ain International Cup,Al Ain,United Arab Emirates
2025-11-18,Morocco,Uganda,4.0,0.0,False,Friendly,Tangier,Morocco
2025-11-18,Oman,Côte d'Ivoire,0.0,2.0,False,Friendly,Seeb,Oman
2025-11-18,Saudi Arabia,Algeria,0.0,2.0,False,Friendly,Jeddah,Saudi Arabia
2025-11-18,Kenya,Senegal,0.0,8.0,True,Friendly,Antalya,Turkey
2025-11-18,Japan,Bolivia,3.0,0.0,False,Kirin Cup,Tokyo,Japan
2025-11-18,Mali,Jordan,3.0,2.0,True,Friendly,Radès,Tunisia
2025-11-18,Brazil,Tunisia,1.0,1.0,True,Friendly,Lille,France
2025-11-18,Canada,Venezuela,2.0,0.0,True,Friendly,Fort Lauderdale,United States
2025-11-18,Colombia,Australia,3.0,0.0,True,Friendly,New York,United States
2025-11-18,Ecuador,New Zealand,2.0,0.0,True,Friendly,Harrison,United States
2025-11-18,Korea Republic,Ghana,1.0,0.0,False,Friendly,Seoul,South Korea
2025-11-18,Mexico,Paraguay,1.0,2.0,True,Friendly,San Antonio,United States
2025-11-18,United States,Uruguay,5.0,1.0,False,Friendly,Tampa,United States
2025-11-18,Iraq,United Arab Emirates,2.0,1.0,False,FIFA World Cup qualification,Basra,Iraq
2025-11-18,Kosovo,Switzerland,1.0,1.0,False,FIFA World Cup qualification,Pristina,Kosovo
2025-11-18,Sweden,Slovenia,1.0,1.0,False,FIFA World Cup qualification,Solna,Sweden
2025-11-18,Scotland,Denmark,4.0,2.0,False,FIFA World Cup qualification,Glasgow,Scotland
2025-11-18,Spain,Türkiye,2.0,2.0,False,FIFA World Cup qualification,Seville,Spain
2025-11-18,Austria,Bosnia and Herzegovina,1.0,1.0,False,FIFA World Cup qualification,Vienna,Austria
2025-11-18,Belgium,Liechtenstein,7.0,0.0,False,FIFA World Cup qualification,Liège,Belgium
2025-11-18,Iran,Uzbekistan,0.0,0.0,True,Al Ain International Cup,Al Ain,United Arab Emirates
2025-11-18,Panama,El Salvador,3.0,0.0,False,FIFA World Cup qualification,Panama City,Panama
2025-11-18,Jamaica,Curaçao,0.0,0.0,False,FIFA World Cup qualification,Kingston,Jamaica
2025-11-18,Haiti,Nicaragua,2.0,0.0,True,FIFA World Cup qualification,Willemstad,Curaçao
2025-12-01,Tunisia,Syria,0.0,1.0,True,Arab Cup,Al Rayyan,Qatar
2025-12-01,Qatar,Palestine,0.0,1.0,False,Arab Cup,Al Khor,Qatar
2025-12-02,Morocco,Comoros,3.0,1.0,True,Arab Cup,Al Rayyan,Qatar
2025-12-02,Saudi Arabia,Oman,2.0,1.0,True,Arab Cup,Al Rayyan,Qatar
2025-12-02,Egypt,Kuwait,1.0,1.0,True,Arab Cup,Lusail,Qatar
2025-12-03,Jordan,United Arab Emirates,2.0,1.0,True,Arab Cup,Al Khor,Qatar
2025-12-03,Algeria,Sudan,0.0,0.0,True,Arab Cup,Al Rayyan,Qatar
2025-12-03,Iraq,Bahrain,2.0,1.0,True,Arab Cup,Doha,Qatar
2025-12-04,Palestine,Tunisia,2.0,2.0,True,Arab Cup,Lusail,Qatar
2025-12-04,Qatar,Syria,1.0,1.0,False,Arab Cup,Al Rayyan,Qatar
2025-12-05,Oman,Morocco,0.0,0.0,True,Arab Cup,Al Rayyan,Qatar
2025-12-05,Comoros,Saudi Arabia,1.0,3.0,True,Arab Cup,Al Khor,Qatar
2025-12-06,Kuwait,Jordan,1.0,3.0,True,Arab Cup,Al Rayyan,Qatar
2025-12-06,United Arab Emirates,Egypt,1.0,1.0,True,Arab Cup,Lusail,Qatar
2025-12-06,Bahrain,Algeria,1.0,5.0,True,Arab Cup,Al Rayyan,Qatar
2025-12-06,Sudan,Iraq,0.0,2.0,True,Arab Cup,Doha,Qatar
2025-12-07,Qatar,Tunisia,0.0,3.0,False,Arab Cup,Al Khor,Qatar
2025-12-08,Morocco,Saudi Arabia,1.0,0.0,True,Arab Cup,Lusail,Qatar
2025-12-09,Egypt,Jordan,0.0,3.0,True,Arab Cup,Al Khor,Qatar
2025-12-09,Algeria,Iraq,2.0,0.0,True,Arab Cup,Al Rayyan,Qatar
2025-12-11,Morocco,Syria,1.0,0.0,True,Arab Cup,Al Rayyan,Qatar
2025-12-11,Palestine,Saudi Arabia,1.0,2.0,True,Arab Cup,Lusail,Qatar
2025-12-12,Jordan,Iraq,1.0,0.0,True,Arab Cup,Al Rayyan,Qatar
2025-12-12,Algeria,United Arab Emirates,1.0,1.0,True,Arab Cup,Al Khor,Qatar
2025-12-15,Morocco,United Arab Emirates,3.0,0.0,True,Arab Cup,Al Rayyan,Qatar
2025-12-15,Saudi Arabia,Jordan,0.0,1.0,True,Arab Cup,Al Khor,Qatar
2025-12-18,Jordan,Morocco,2.0,3.0,True,Arab Cup,Lusail,Qatar
2025-12-21,Morocco,Comoros,2.0,0.0,False,African Cup of Nations,Rabat,Morocco
2025-12-22,South Africa,Angola,2.0,1.0,True,African Cup of Nations,Marrakesh,Morocco
2025-12-22,Egypt,Zimbabwe,2.0,1.0,True,African Cup of Nations,Agadir,Morocco
2025-12-23,Tunisia,Uganda,3.0,1.0,True,African Cup of Nations,Rabat,Morocco
2025-12-23,Congo DR,Benin,1.0,0.0,True,African Cup of Nations,Rabat,Morocco
2025-12-23,Senegal,Botswana,3.0,0.0,True,African Cup of Nations,Tangier,Morocco
2025-12-24,Algeria,Sudan,3.0,0.0,True,African Cup of Nations,Rabat,Morocco
2025-12-24,Côte d'Ivoire,Mozambique,1.0,0.0,True,African Cup of Nations,Marrakesh,Morocco
2025-12-26,Morocco,Mali,1.0,1.0,False,African Cup of Nations,Rabat,Morocco
2025-12-26,Egypt,South Africa,1.0,0.0,True,African Cup of Nations,Agadir,Morocco
2025-12-27,Nigeria,Tunisia,3.0,2.0,True,African Cup of Nations,Fez,Morocco
2025-12-27,Senegal,Congo DR,1.0,1.0,True,African Cup of Nations,Tangier,Morocco
2025-12-28,Algeria,Burkina Faso,1.0,0.0,True,African Cup of Nations,Rabat,Morocco
2025-12-28,Côte d'Ivoire,Cameroon,1.0,1.0,True,African Cup of Nations,Marrakesh,Morocco
2025-12-29,Morocco,Zambia,3.0,0.0,False,African Cup of Nations,Rabat,Morocco
2025-12-29,Angola,Egypt,0.0,0.0,True,African Cup of Nations,Agadir,Morocco
2025-12-29,Zimbabwe,South Africa,2.0,3.0,True,African Cup of Nations,Marrakesh,Morocco
2025-12-30,Tanzania,Tunisia,1.0,1.0,True,African Cup of Nations,Rabat,Morocco
2025-12-30,Benin,Senegal,0.0,3.0,True,African Cup of Nations,Tangier,Morocco
2025-12-30,Botswana,Congo DR,0.0,3.0,True,African Cup of Nations,Rabat,Morocco
2025-12-31,Equatorial Guinea,Algeria,1.0,3.0,True,African Cup of Nations,Rabat,Morocco
2025-12-31,Gabon,Côte d'Ivoire,2.0,3.0,True,African Cup of Nations,Marrakesh,Morocco
2026-01-03,Senegal,Sudan,3.0,1.0,True,African Cup of Nations,Tangier,Morocco
2026-01-03,Mali,Tunisia,1.0,1.0,True,African Cup of Nations,Casablanca,Morocco
2026-01-04,Morocco,Tanzania,1.0,0.0,False,African Cup of Nations,Rabat,Morocco
2026-01-04,South Africa,Cameroon,1.0,2.0,True,African Cup of Nations,Rabat,Morocco
2026-01-05,Egypt,Benin,3.0,1.0,True,African Cup of Nations,Agadir,Morocco
2026-01-06,Algeria,Congo DR,1.0,0.0,True,African Cup of Nations,Rabat,Morocco
2026-01-06,Côte d'Ivoire,Burkina Faso,3.0,0.0,True,African Cup of Nations,Marrakesh,Morocco
2026-01-09,Mali,Senegal,0.0,1.0,True,African Cup of Nations,Tangier,Morocco
2026-01-09,Morocco,Cameroon,2.0,0.0,False,African Cup of Nations,Rabat,Morocco
2026-01-10,Algeria,Nigeria,0.0,2.0,True,African Cup of Nations,Marrakesh,Morocco
2026-01-10,Egypt,Côte d'Ivoire,3.0,2.0,True,African Cup of Nations,Agadir,Morocco
2026-01-14,Senegal,Egypt,1.0,0.0,True,African Cup of Nations,Tangier,Morocco
2026-01-14,Morocco,Nigeria,0.0,0.0,False,African Cup of Nations,Rabat,Morocco
2026-01-17,Egypt,Nigeria,0.0,0.0,True,African Cup of Nations,Casablanca,Morocco
2026-01-18,Morocco,Senegal,3.0,0.0,False,African Cup of Nations,Rabat,Morocco
2026-01-18,Bolivia,Panama,1.0,1.0,False,Friendly,Tarija,Bolivia
2026-01-22,Panama,Mexico,0.0,1.0,False,Friendly,Panama City,Panama
2026-01-25,Bolivia,Mexico,0.0,1.0,False,Friendly,Santa Cruz,Bolivia
2026-01-26,Uzbekistan,China PR,2.0,2.0,True,Friendly,Dubai,United Arab Emirates
2026-02-25,Mexico,Iceland,4.0,0.0,False,Friendly,Querétaro,Mexico
2026-03-25,Bermuda,Congo DR,0.0,2.0,True,Friendly,Zapopan,Mexico
2026-03-26,Brazil,France,1.0,2.0,True,Friendly,Foxborough,United States
2026-03-26,Colombia,Croatia,1.0,2.0,True,Friendly,Orlando,United States
2026-03-26,Wales,Bosnia and Herzegovina,1.0,1.0,False,FIFA World Cup qualification,Cardiff,Wales
2026-03-26,Ukraine,Sweden,1.0,3.0,True,FIFA World Cup qualification,Valencia,Spain
2026-03-26,Türkiye,Romania,1.0,0.0,False,FIFA World Cup qualification,Istanbul,Turkey
2026-03-26,Czechia,Ireland,2.0,2.0,False,FIFA World Cup qualification,Prague,Czech Republic
2026-03-27,Algeria,Guatemala,7.0,0.0,True,Friendly,Genoa,Switzerland
2026-03-27,Argentina,Mauritania,2.0,1.0,False,Friendly,Buenos Aires,Argentina
2026-03-27,Austria,Ghana,5.0,1.0,False,Friendly,Vienna,Austria
2026-03-27,England,Uruguay,1.0,1.0,False,Friendly,London,England
2026-03-27,Greece,Paraguay,0.0,1.0,False,Friendly,Athens,Greece
2026-03-27,Morocco,Ecuador,1.0,1.0,True,Friendly,Madrid,Spain
2026-03-27,Netherlands,Norway,2.0,1.0,False,Friendly,Amsterdam,Netherlands
2026-03-27,Saudi Arabia,Egypt,0.0,4.0,False,Friendly,Jeddah,Saudi Arabia
2026-03-27,South Africa,Panama,1.0,1.0,False,Friendly,Durban,South Africa
2026-03-27,Spain,Serbia,3.0,0.0,False,Friendly,Villarreal,Spain
2026-03-27,Switzerland,Germany,3.0,4.0,False,Friendly,Basel,Switzerland
2026-03-27,Costa Rica,Jordan,2.0,2.0,True,Friendly,Antalya,Turkey
2026-03-27,Iran,Nigeria,1.0,2.0,True,Friendly,Antalya,Turkey
2026-03-27,China PR,Curaçao,2.0,0.0,True,FIFA Series,Sydney,Australia
2026-03-27,Australia,Cameroon,1.0,0.0,False,FIFA Series,Sydney,Australia
2026-03-27,Chile,Cabo Verde,4.0,2.0,True,FIFA Series,Auckland,New Zealand
2026-03-27,New Zealand,Finland,0.0,2.0,False,FIFA Series,Auckland,New Zealand
2026-03-27,Uzbekistan,Gabon,3.0,1.0,False,FIFA Series,Tashkent,Uzbekistan
2026-03-28,Canada,Iceland,2.0,2.0,False,Friendly,Toronto,Canada
2026-03-28,Haiti,Tunisia,0.0,1.0,True,Friendly,Toronto,Canada
2026-03-28,Côte d'Ivoire,Korea Republic,4.0,0.0,True,Friendly,Milton Keynes,England
2026-03-28,Mexico,Portugal,0.0,0.0,False,Friendly,Mexico City,Mexico
2026-03-28,Scotland,Japan,0.0,1.0,False,Friendly,Glasgow,Scotland
2026-03-28,Senegal,Peru,2.0,0.0,True,Friendly,Paris,France
2026-03-28,United States,Belgium,2.0,5.0,False,Friendly,Atlanta,United States
2026-03-29,Colombia,France,1.0,3.0,True,Friendly,Landover,United States
2026-03-30,Germany,Ghana,2.0,1.0,False,Friendly,Stuttgart,Germany
2026-03-30,Cabo Verde,Finland,1.0,1.0,True,FIFA Series,Auckland,New Zealand
2026-03-30,New Zealand,Chile,4.0,1.0,False,FIFA Series,Auckland,New Zealand
2026-03-30,Uzbekistan,Venezuela,0.0,0.0,False,FIFA Series,Tashkent,Uzbekistan
2026-03-31,Algeria,Uruguay,0.0,0.0,True,Friendly,Turin,Italy
2026-03-31,Argentina,Zambia,5.0,0.0,False,Friendly,Buenos Aires,Argentina
2026-03-31,Austria,Korea Republic,1.0,0.0,False,Friendly,Vienna,Austria
2026-03-31,Brazil,Croatia,3.0,1.0,True,Friendly,Orlando,United States
2026-03-31,Canada,Tunisia,0.0,0.0,False,Friendly,Toronto,Canada
2026-03-31,Costa Rica,Iran,0.0,5.0,True,Friendly,Antalya,Turkey
2026-03-31,England,Japan,0.0,1.0,False,Friendly,London,England
2026-03-31,Haiti,Iceland,1.0,1.0,True,Friendly,Toronto,Canada
2026-03-31,Côte d'Ivoire,Scotland,1.0,0.0,True,Friendly,Liverpool,England
2026-03-31,Jordan,Nigeria,2.0,2.0,True,Friendly,Antalya,Turkey
2026-03-31,Mexico,Belgium,1.0,1.0,True,Friendly,Chicago,United States
2026-03-31,Morocco,Paraguay,2.0,1.0,True,Friendly,Lens,France
2026-03-31,Netherlands,Ecuador,1.0,1.0,False,Friendly,Eindhoven,Netherlands
2026-03-31,Norway,Switzerland,0.0,0.0,False,Friendly,Oslo,Norway
2026-03-31,Senegal,Gambia,3.0,1.0,False,Friendly,Diamniadio,Senegal
2026-03-31,Serbia,Saudi Arabia,2.0,1.0,False,Friendly,Backa Topola,Serbia
2026-03-31,South Africa,Panama,1.0,2.0,False,Friendly,Cape Town,South Africa
2026-03-31,Spain,Egypt,0.0,0.0,False,Friendly,Barcelona,Spain
2026-03-31,United States,Portugal,0.0,2.0,False,Friendly,Atlanta,United States
2026-03-31,Congo DR,Jamaica,1.0,0.0,True,FIFA World Cup qualification,Zapopan,Mexico
2026-03-31,Iraq,Bolivia,2.0,1.0,True,FIFA World Cup qualification,Guadalupe,Mexico
2026-03-31,Bosnia and Herzegovina,Italy,1.0,1.0,False,FIFA World Cup qualification,Zenica,Bosnia and Herzegovina
2026-03-31,Sweden,Poland,3.0,2.0,False,FIFA World Cup qualification,Solna,Sweden
2026-03-31,Kosovo,Türkiye,0.0,1.0,False,FIFA World Cup qualification,Pristina,Kosovo
2026-03-31,Czechia,Denmark,2.0,2.0,False,FIFA World Cup qualification,Prague,Czech Republic
2026-03-31,Australia,Curaçao,5.0,1.0,False,FIFA Series,Melbourne,Australia
2026-05-22,Mexico,Ghana,2.0,0.0,False,Friendly,Puebla,Mexico
2026-05-26,Morocco,Burundi,5.0,0.0,False,Friendly,Salé,Morocco
2026-05-28,Ireland,Qatar,1.0,0.0,False,Friendly,Dublin,Republic of Ireland
2026-05-28,Egypt,Russia,1.0,0.0,False,Friendly,Cairo,Egypt
2026-05-29,Andorra,Iraq,0.0,1.0,True,Friendly,Girona,Spain
2026-05-29,Bosnia and Herzegovina,North Macedonia,0.0,0.0,False,Friendly,Sarajevo,Bosnia and Herzegovina
2026-05-29,Iran,Gambia,3.0,1.0,True,Friendly,Aksu,Turkey
2026-05-29,South Africa,Nicaragua,0.0,0.0,False,Friendly,Johannesburg,South Africa
2026-05-30,Ecuador,Saudi Arabia,2.0,1.0,True,Friendly,Harrison,United States
2026-05-30,Korea Republic,Trinidad and Tobago,5.0,0.0,True,Friendly,Provo,United States
2026-05-30,Mexico,Australia,1.0,0.0,True,Friendly,Pasadena,United States
2026-05-30,Scotland,Curaçao,4.0,1.0,False,Friendly,Glasgow,Scotland
2026-05-31,Brazil,Panama,6.0,2.0,False,Friendly,Rio de Janeiro,Brazil
2026-05-31,Cabo Verde,Serbia,3.0,0.0,True,Friendly,Lisbon,Portugal
2026-05-31,Czechia,Kosovo,2.0,1.0,False,Friendly,Prague,Czech Republic
2026-05-31,Germany,Finland,4.0,0.0,False,Friendly,Mainz,Germany
2026-05-31,Switzerland,Jordan,4.0,1.0,False,Friendly,St. Gallen,Switzerland
2026-05-31,United States,Senegal,3.0,2.0,False,Friendly,Charlotte,United States
2026-05-31,Japan,Iceland,1.0,0.0,False,Friendly,Tokyo,Japan
2026-06-01,Austria,Tunisia,1.0,0.0,False,Friendly,Vienna,Austria
2026-06-01,Canada,Uzbekistan,2.0,0.0,False,Friendly,Edmonton,Canada
2026-06-01,Colombia,Costa Rica,3.0,1.0,False,Friendly,Bogota,Colombia
2026-06-01,Norway,Sweden,3.0,1.0,False,Friendly,Oslo,Norway
2026-06-01,Türkiye,North Macedonia,4.0,0.0,False,Friendly,Istanbul,Turkey
2026-06-02,Croatia,Belgium,0.0,2.0,False,Friendly,Rijeka,Croatia
2026-06-02,Haiti,New Zealand,4.0,0.0,True,Friendly,Fort Lauderdale,United States
2026-06-02,Morocco,Madagascar,4.0,0.0,False,Friendly,Rabat,Morocco
2026-06-02,Wales,Ghana,1.0,1.0,False,Friendly,Cardiff,Wales
2026-06-03,Congo DR,Denmark,0.0,0.0,True,Friendly,Liège,Belgium
2026-06-03,Korea Republic,El Salvador,1.0,0.0,True,Friendly,Provo,United States
2026-06-03,Netherlands,Algeria,0.0,1.0,False,Friendly,Rotterdam,Netherlands
2026-06-03,Panama,Dominican Republic,4.0,2.0,False,Friendly,Panama City,Panama
2026-06-04,France,Côte d'Ivoire,1.0,2.0,False,Friendly,Nantes,France
2026-06-04,Guatemala,Czechia,1.0,5.0,True,Friendly,Harrison,United States
2026-06-04,Iran,Mali,2.0,0.0,True,Friendly,Antalya,Turkey
2026-06-04,Mexico,Serbia,5.0,1.0,False,Friendly,Toluca,Mexico
2026-06-04,Spain,Iraq,1.0,1.0,False,Friendly,La Coruna,Spain
2026-06-04,Sweden,Greece,2.0,2.0,False,Friendly,Solna,Sweden
